;-85.41563415527344
;-85.41563415527344
;-85.41563415527344
;-85.41563415527344
;-85.41563415527344
;-85.41563415527344
;-85.41563415527344
;-85.41563415527344
;-85.41563415527344
;-85.41563415527344
;-85.41563415527344
;-85.41563415527344
;-85.41563415527344
;-85.41563415527344
;-85.41563415527344
;-85.41563415527344
;-85.41563415527344
;-85.41563415527344
;-85.41563415527344
;-85.41563415527344
;-85.41563415527344
;-85.41563415527344
;-85.41563415527344
;-85.41563415527344
;-85.41563415527344
;-85.41563415527344
;-85.41563415527344
;-85.41563415527344
;-85.41563415527344
;-85.41563415527344
;-85.41563415527344
;-85.41563415527344
;-85.41563415527344
;-85.41563415527344
;-85.41563415527344
;-85.41563415527344
;-85.41563415527344
;-85.41563415527344
;-85.41563415527344
;-85.41563415527344
;-85.41563415527344
;-85.41563415527344
;-85.41563415527344
;-85.41563415527344
;-85.41563415527344
;-85.41563415527344
;-85.41563415527344
;-85.41563415527344
;-85.41563415527344
;-85.41563415527344
;-85.41563415527344
;-85.41563415527344
;-85.41563415527344
;-85.41563415527344
;-85.41563415527344
;-85.41563415527344
;-85.41563415527344
;-85.41563415527344
;-85.41563415527344
;-85.41563415527344
;-85.41563415527344
;-85.41563415527344
;-85.41563415527344
;-85.41563415527344
;-85.41563415527344
;-85.41563415527344
;-85.41563415527344
;-85.41563415527344
;-85.41563415527344
;-85.41563415527344
;-85.41563415527344
;-85.41563415527344
;-85.41563415527344
;-85.41563415527344
;-85.41563415527344
;-85.41563415527344
;-85.41563415527344
;-85.41563415527344
;-85.41563415527344
;-85.41563415527344
;-85.41563415527344
;-85.41563415527344
;-85.41563415527344
;-85.41563415527344
;-85.41563415527344
;-85.41563415527344
;-85.41563415527344
;-85.41563415527344
;-85.41563415527344
;-85.41563415527344
;-85.41563415527344
;-85.41563415527344
;-85.41563415527344
;-85.41563415527344
;-85.41563415527344
;-85.41563415527344
;-85.41563415527344
;-85.41563415527344
;-85.41563415527344
;-85.41563415527344
;-85.41563415527344
;-85.41563415527344
;-85.41563415527344
;-85.41563415527344
;-85.41563415527344
;-85.41563415527344
;-85.41563415527344
;-85.41563415527344
;-85.41563415527344
;-85.41563415527344
;-85.41563415527344
;-85.41563415527344
;-85.41563415527344
;-85.41563415527344
;-85.41563415527344
;-85.41563415527344
;-85.41563415527344
;-85.41563415527344
;-85.41563415527344
;-85.41563415527344
;-85.41563415527344
;-85.41563415527344
;-85.41563415527344
;-85.41563415527344
;-85.41563415527344
;-85.41563415527344
;-85.41563415527344
;-85.41563415527344
;-85.41563415527344
;-85.41563415527344
;-85.41563415527344
;-85.41563415527344
;-85.41563415527344
;-85.41563415527344
;-85.41563415527344
;-85.41563415527344
;-85.41563415527344
;-85.41563415527344
;-85.41563415527344
;-85.41563415527344
;-85.41563415527344
;-85.41563415527344
;-85.41563415527344
;-85.41563415527344
;-85.41563415527344
;-85.41563415527344
;-85.41563415527344
;-85.41563415527344
;-85.41563415527344
;-85.41563415527344
;-85.41563415527344
;-85.41563415527344
;-85.41563415527344
;-85.41563415527344
;-85.41563415527344
;-85.41563415527344
;-85.41563415527344
;-85.41563415527344
;-85.41563415527344
;-85.41563415527344
;-85.41563415527344
;-85.41563415527344
;-85.41563415527344
;-85.41563415527344
;-85.41563415527344
;-85.41563415527344
;-85.41563415527344
;-85.41563415527344
;-85.41563415527344
;-85.41563415527344
;-85.41563415527344
;-85.41563415527344
;-85.41563415527344
;-85.41563415527344
;-85.41563415527344
;-85.41563415527344
;-85.41563415527344
;-85.41563415527344
;-85.41563415527344
;-85.41563415527344
;-85.41563415527344
;-85.41563415527344
;-85.41563415527344
;-85.41563415527344
;-85.41563415527344
;-85.41563415527344
;-85.41563415527344
;-85.41563415527344
;-85.41563415527344
;-85.41563415527344
;-85.41564178466797
;-85.41564178466797
;-85.41564178466797
;-85.41564178466797
;-85.41564178466797
;-85.41564178466797
;-85.41564178466797
;-85.41564178466797
;-85.41564178466797
;-85.41564178466797
;-85.41564178466797
;-85.41564178466797
;-85.41564178466797
;-85.41564178466797
;-85.41564178466797
;-85.41564178466797
;-85.41564178466797
;-85.41564178466797
;-85.41564178466797
;-85.41564178466797
;-85.41564178466797
;-85.41564178466797
;-85.41564178466797
;-85.41564178466797
;-85.41564178466797
;-85.41564178466797
;-85.41564178466797
;-85.41564178466797
;-85.41564178466797
;-85.41564178466797
;-85.41564178466797
;-85.41564178466797
;-85.41564178466797
;-85.41564178466797
;-85.41564178466797
;-85.41564178466797
;-85.41564178466797
;-85.41564178466797
;-85.41564178466797
;-85.41564178466797
;-85.41564178466797
;-85.41564178466797
;-85.41564178466797
;-85.41564178466797
;-85.41564178466797
;-85.41564178466797
;-85.41564178466797
;-85.41564178466797
;-85.41564178466797
;-85.41564178466797
;-85.41564178466797
;-85.41564178466797
;-85.41564178466797
;-85.41564178466797
;-85.41564178466797
;-85.41564178466797
;-85.41564178466797
;-85.41564178466797
;-85.41564178466797
;-85.41564178466797
;-85.41564178466797
;-85.41564178466797
;-85.41564178466797
;-85.41564178466797
;-85.41564178466797
;-85.41564178466797
;-85.41564178466797
;-85.41564178466797
;-85.41564178466797
;-85.41564178466797
;-85.41564178466797
;-85.41564178466797
;-85.41564178466797
;-85.4156494140625
;-85.4156494140625
;-85.4156494140625
;-85.4156494140625
;-85.4156494140625
;-85.4156494140625
;-85.4156494140625
;-85.4156494140625
;-85.4156494140625
;-85.4156494140625
;-85.4156494140625
;-85.4156494140625
;-85.4156494140625
;-85.4156494140625
;-85.4156494140625
;-85.4156494140625
;-85.4156494140625
;-85.4156494140625
;-85.4156494140625
;-85.4156494140625
;-85.4156494140625
;-85.4156494140625
;-85.4156494140625
;-85.4156494140625
;-85.4156494140625
;-85.4156494140625
;-85.4156494140625
;-85.4156494140625
;-85.4156494140625
;-85.4156494140625
;-85.4156494140625
;-85.4156494140625
;-85.4156494140625
;-85.4156494140625
;-85.4156494140625
;-85.4156494140625
;-85.4156494140625
;-85.4156494140625
;-85.4156494140625
;-85.4156494140625
;-85.4156494140625
;-85.4156494140625
;-85.4156494140625
;-85.4156494140625
;-85.4156494140625
;-85.4156494140625
;-85.4156494140625
;-85.4156494140625
;-85.4156494140625
;-85.4156494140625
;-85.4156494140625
;-85.4156494140625
;-85.4156494140625
;-85.4156494140625
;-85.4156494140625
;-85.4156494140625
;-85.4156494140625
;-85.4156494140625
;-85.4156494140625
;-85.4156494140625
;-85.41565704345703
;-85.4156723022461
;-85.41569519042969
;-85.41572570800781
;-85.41575622558594
;-85.4157943725586
;-85.41582489013672
;-85.41585540771484
;-85.41588592529297
;-85.4159164428711
;-85.41594696044922
;-85.41597747802734
;-85.41600799560547
;-85.4160385131836
;-85.41606903076172
;-85.41609954833984
;-85.41612243652344
;-85.4161376953125
;-85.41615295410156
;-85.41616821289062
;-85.41618347167969
;-85.41619873046875
;-85.41621398925781
;-85.41622924804688
;-85.41624450683594
;-85.416259765625
;-85.41627502441406
;-85.41629028320312
;-85.41630554199219
;-85.41632080078125
;-85.41633605957031
;-85.41635131835938
;-85.41636657714844
;-85.4163818359375
;-85.41639709472656
;-85.41641235351562
;-85.41642761230469
;-85.41644287109375
;-85.41645812988281
;-85.41646575927734
;-85.41646575927734
;-85.41646575927734
;-85.41646575927734
;-85.41646575927734
;-85.41646575927734
;-85.41646575927734
;-85.41646575927734
;-85.41646575927734
;-85.41646575927734
;-85.41646575927734
;-85.41646575927734
;-85.41646575927734
;-85.41646575927734
;-85.41646575927734
;-85.41646575927734
;-85.41646575927734
;-85.41646575927734
;-85.41646575927734
;-85.41646575927734
;-85.41646575927734
;-85.41646575927734
;-85.41646575927734
;-85.41646575927734
;-85.41646575927734
;-85.41646575927734
;-85.41646575927734
;-85.41646575927734
;-85.41646575927734
;-85.41646575927734
;-85.41646575927734
;-85.41646575927734
;-85.41646575927734
;-85.41646575927734
;-85.41646575927734
;-85.41646575927734
;-85.41646575927734
;-85.41646575927734
;-85.41646575927734
;-85.41647338867188
;-85.41647338867188
;-85.41647338867188
;-85.41647338867188
;-85.41647338867188
;-85.41647338867188
;-85.41647338867188
;-85.41647338867188
;-85.41647338867188
;-85.41647338867188
;-85.41647338867188
;-85.41647338867188
;-85.41647338867188
;-85.41647338867188
;-85.41647338867188
;-85.41647338867188
;-85.41647338867188
;-85.41647338867188
;-85.41647338867188
;-85.41647338867188
;-85.41647338867188
;-85.41647338867188
;-85.41647338867188
;-85.41647338867188
;-85.41647338867188
;-85.41647338867188
;-85.41647338867188
;-85.41647338867188
;-85.41647338867188
;-85.41647338867188
;-85.41647338867188
;-85.41647338867188
;-85.41647338867188
;-85.41647338867188
;-85.41647338867188
;-85.41647338867188
;-85.41647338867188
;-85.41647338867188
;-85.41647338867188
;-85.41647338867188
;-85.41647338867188
;-85.41647338867188
;-85.41647338867188
;-85.4164810180664
;-85.4164810180664
;-85.4164810180664
;-85.4164810180664
;-85.4164810180664
;-85.4164810180664
;-85.4164810180664
;-85.4164810180664
;-85.4164810180664
;-85.4164810180664
;-85.4164810180664
;-85.4164810180664
;-85.4164810180664
;-85.4164810180664
;-85.4164810180664
;-85.4164810180664
;-85.4164810180664
;-85.4164810180664
;-85.4164810180664
;-85.4164810180664
;-85.4164810180664
;-85.4164810180664
;-85.4164810180664
;-85.4164810180664
;-85.4164810180664
;-85.4164810180664
;-85.4164810180664
;-85.4164810180664
;-85.4164810180664
;-85.4164810180664
;-85.4164810180664
;-85.4164810180664
;-85.4164810180664
;-85.4164810180664
;-85.4164810180664
;-85.4164810180664
;-85.4164810180664
;-85.4164810180664
;-85.4164810180664
;-85.4164810180664
;-85.4164810180664
;-85.4164810180664
;-85.41648864746094
;-85.41648864746094
;-85.41648864746094
;-85.41648864746094
;-85.41648864746094
;-85.41648864746094
;-85.41648864746094
;-85.41648864746094
;-85.41648864746094
;-85.41650390625
;-85.41651916503906
;-85.41654968261719
;-85.41658020019531
;-85.41661834716797
;-85.41666412353516
;-77.47596740722656
;-69.72508239746094
;-62.03057098388672
;-53.54586410522461
;-37.01955032348633
;24.62216567993164
;39.56725311279297
;39.21365737915039
;37.158016204833984
;34.72740173339844
;32.25362777709961
;29.90081024169922
;27.759740829467773
;25.873353958129883
;24.25287437438965
;22.8900089263916
;21.765369415283203
;20.85226058959961
;20.121212005615234
;19.545976638793945
;19.100967407226562
;18.76047134399414
;18.497774124145508
;18.283227920532227
;18.081703186035156
;17.852710723876953
;17.56248664855957
;17.208370208740234
;16.823862075805664
;16.4412841796875
;16.079023361206055
;15.745129585266113
;15.44198226928711
;15.169227600097656
;14.925313949584961
;14.708250999450684
;14.51597785949707
;14.346498489379883
;14.197953224182129
;14.068636894226074
;13.956986427307129
;13.861577987670898
;13.781106948852539
;13.714380264282227
;13.660300254821777
;13.6178560256958
;13.586115837097168
;13.564215660095215
;13.551356315612793
;13.546798706054688
;13.549854278564453
;13.559884071350098
;13.576295852661133
;13.598541259765625
;13.62610912322998
;13.658526420593262
;13.695355415344238
;13.736189842224121
;13.780656814575195
;13.828409194946289
;13.879127502441406
;13.932517051696777
;13.988308906555176
;14.046253204345703
;14.106122970581055
;14.167709350585938
;14.230822563171387
;14.2952880859375
;14.360947608947754
;14.427657127380371
;14.495285987854004
;14.563714981079102
;14.632835388183594
;14.702675819396973
;14.77316951751709
;14.844219207763672
;14.915738105773926
;14.987648963928223
;15.059868812561035
;15.132364273071289
;15.20506763458252
;15.277928352355957
;15.350902557373047
;15.423952102661133
;15.497042655944824
;15.570146560668945
;15.643237113952637
;15.716290473937988
;15.789289474487305
;15.862214088439941
;15.935050964355469
;16.00778579711914
;16.08041000366211
;16.152912139892578
;16.22528648376465
;16.29752540588379
;16.369625091552734
;16.44158172607422
;16.51339340209961
;16.585058212280273
;16.656578063964844
;16.72795295715332
;16.799184799194336
;16.870277404785156
;16.94123649597168
;17.012065887451172
;17.082775115966797
;17.153371810913086
;17.223865509033203
;17.294267654418945
;17.364593505859375
;17.434856414794922
;17.50507164001465
;17.57525634765625
;17.64542579650879
;17.71559715270996
;17.78578758239746
;17.85601234436035
;17.926284790039062
;17.996610641479492
;18.06699562072754
;18.137435913085938
;18.207918167114258
;18.278423309326172
;18.34892463684082
;18.41938018798828
;18.489748001098633
;18.559972763061523
;18.630002975463867
;18.699779510498047
;18.769245147705078
;18.838346481323242
;18.907033920288086
;18.975261688232422
;19.042985916137695
;19.110170364379883
;19.17678451538086
;19.2427978515625
;19.30818748474121
;19.372936248779297
;19.43702507019043
;19.500438690185547
;19.563167572021484
;19.625202178955078
;19.686532974243164
;19.747154235839844
;19.80706024169922
;19.86624526977539
;19.924707412719727
;19.98244285583496
;20.039451599121094
;20.09572982788086
;20.151277542114258
;20.20609474182129
;20.26017951965332
;20.31353187561035
;20.366153717041016
;20.418046951293945
;20.46921157836914
;20.5196475982666
;20.569358825683594
;20.61834716796875
;20.666614532470703
;20.714160919189453
;20.7609920501709
;20.807109832763672
;20.85251808166504
;20.897218704223633
;20.941213607788086
;20.98451042175293
;21.027111053466797
;21.069019317626953
;21.11023712158203
;21.150772094726562
;21.19062614440918
;21.229806900024414
;21.2683162689209
;21.30615997314453
;21.34334373474121
;21.379871368408203
;21.41575050354004
;21.45098304748535
;21.485576629638672
;21.5195369720459
;21.55286979675293
;21.58557891845703
;21.6176700592041
;21.649150848388672
;21.680025100708008
;21.710302352905273
;21.739986419677734
;21.769084930419922
;21.797603607177734
;21.82554817199707
;21.85292625427246
;21.879741668701172
;21.906002044677734
;21.93171501159668
;21.956886291503906
;21.981521606445312
;22.00562858581543
;22.02921485900879
;22.052284240722656
;22.074846267700195
;22.096906661987305
;22.118471145629883
;22.13954734802246
;22.160140991210938
;22.180259704589844
;22.199907302856445
;22.219091415405273
;22.23781967163086
;22.2560977935791
;22.27393341064453
;22.291332244873047
;22.308300018310547
;22.32484245300293
;22.340967178344727
;22.35668182373047
;22.371990203857422
;22.386898040771484
;22.40141487121582
;22.415542602539062
;22.429290771484375
;22.442663192749023
;22.455665588378906
;22.468303680419922
;22.4805850982666
;22.49251365661621
;22.50409698486328
;22.515338897705078
;22.5262451171875
;22.536821365356445
;22.547073364257812
;22.5570068359375
;22.566625595092773
;22.575937271118164
;22.584943771362305
;22.593652725219727
;22.602067947387695
;22.610193252563477
;22.61803436279297
;22.625598907470703
;22.632888793945312
;22.63990592956543
;22.64665985107422
;22.653152465820312
;22.65938949584961
;22.665374755859375
;22.671112060546875
;22.676605224609375
;22.681859970092773
;22.686880111694336
;22.691667556762695
;22.696229934692383
;22.70056915283203
;22.704687118530273
;22.708589553833008
;22.7122802734375
;22.715761184692383
;22.719038009643555
;22.72211265563965
;22.72498893737793
;22.727672576904297
;22.730165481567383
;22.732467651367188
;22.73458480834961
;22.736520767211914
;22.738277435302734
;22.739858627319336
;22.74126625061035
;22.742504119873047
;22.743576049804688
;22.744482040405273
;22.745223999023438
;22.74580955505371
;22.74623680114746
;22.746511459350586
;22.746633529663086
;22.746606826782227
;22.74643325805664
;22.74611473083496
;22.745655059814453
;22.74505615234375
;22.744319915771484
;22.743446350097656
;22.74243927001953
;22.741300582885742
;22.740032196044922
;22.738637924194336
;22.73711585998535
;22.735471725463867
;22.733705520629883
;22.73181915283203
;22.729814529418945
;22.72769546508789
;22.725461959838867
;22.723114013671875
;22.72065544128418
;22.71808624267578
;22.715408325195312
;22.712623596191406
;22.709733963012695
;22.706741333007812
;22.703645706176758
;22.700448989868164
;22.69715118408203
;22.693758010864258
;22.690265655517578
;22.686677932739258
;22.68299674987793
;22.679222106933594
;22.67535400390625
;22.67139434814453
;22.667346954345703
;22.663209915161133
;22.658985137939453
;22.654674530029297
;22.650278091430664
;22.645797729492188
;22.641233444213867
;22.636585235595703
;22.63185691833496
;22.627046585083008
;22.622156143188477
;22.6171875
;22.612140655517578
;22.607017517089844
;22.601818084716797
;22.596542358398438
;22.591190338134766
;22.585763931274414
;22.580263137817383
;22.574689865112305
;22.569046020507812
;22.563329696655273
;22.55754280090332
;22.551685333251953
;22.545759201049805
;22.539764404296875
;22.533700942993164
;22.527568817138672
;22.52136993408203
;22.515104293823242
;22.508773803710938
;22.502378463745117
;22.49591827392578
;22.48939323425293
;22.482805252075195
;22.476152420043945
;22.469436645507812
;22.462657928466797
;22.45581817626953
;22.448917388916016
;22.44195556640625
;22.434932708740234
;22.42784881591797
;22.420705795288086
;22.413503646850586
;22.40624237060547
;22.398921966552734
;22.391544342041016
;22.384109497070312
;22.376615524291992
;22.369064331054688
;22.3614559173584
;22.353792190551758
;22.346073150634766
;22.33829689025879
;22.33046531677246
;22.32257843017578
;22.314638137817383
;22.306640625
;22.2985897064209
;22.290485382080078
;22.28232765197754
;22.27411651611328
;22.265851974487305
;22.25753402709961
;22.249162673950195
;22.240737915039062
;22.232261657714844
;22.22373390197754
;22.215152740478516
;22.20652198791504
;22.197837829589844
;22.189104080200195
;22.18031883239746
;22.17148208618164
;22.162595748901367
;22.153657913208008
;22.144668579101562
;22.135629653930664
;22.126541137695312
;22.117403030395508
;22.108213424682617
;22.098976135253906
;22.089689254760742
;22.080352783203125
;22.070966720581055
;22.061532974243164
;22.05204963684082
;22.042518615722656
;22.032939910888672
;22.023311614990234
;22.013635635375977
;22.0039119720459
;21.994138717651367
;21.98431968688965
;21.974451065063477
;21.964536666870117
;21.954572677612305
;21.944562911987305
;21.934505462646484
;21.924400329589844
;21.914249420166016
;21.904052734375
;21.893810272216797
;21.883522033691406
;21.873184204101562
;21.86280059814453
;21.852371215820312
;21.841896057128906
;21.831375122070312
;21.82080841064453
;21.810195922851562
;21.799537658691406
;21.788833618164062
;21.77808380126953
;21.767288208007812
;21.756446838378906
;21.745559692382812
;21.73462677001953
;21.723648071289062
;21.71262550354004
;21.70155906677246
;21.690446853637695
;21.679288864135742
;21.668087005615234
;21.656841278076172
;21.645549774169922
;21.634214401245117
;21.622835159301758
;21.61141014099121
;21.59994125366211
;21.588428497314453
;21.57686996459961
;21.565269470214844
;21.55362319946289
;21.541933059692383
;21.53019905090332
;21.518421173095703
;21.50659942626953
;21.494733810424805
;21.482824325561523
;21.47087287902832
;21.45887565612793
;21.446836471557617
;21.43475341796875
;21.422626495361328
;21.41045570373535
;21.39824104309082
;21.385984420776367
;21.37368392944336
;21.361339569091797
;21.348953247070312
;21.336523056030273
;21.32404899597168
;21.311532974243164
;21.298973083496094
;21.28636932373047
;21.273723602294922
;21.261035919189453
;21.24830436706543
;21.235530853271484
;21.222713470458984
;21.20985221862793
;21.196949005126953
;21.184001922607422
;21.17101287841797
;21.157981872558594
;21.144906997680664
;21.13178825378418
;21.118627548217773
;21.105424880981445
;21.092180252075195
;21.07889175415039
;21.065561294555664
;21.052188873291016
;21.038772583007812
;21.025314331054688
;21.01181411743164
;20.998271942138672
;20.98468780517578
;20.97106170654297
;20.957393646240234
;20.943683624267578
;20.929931640625
;20.916135787963867
;20.902297973632812
;20.888416290283203
;20.874492645263672
;20.86052703857422
;20.846519470214844
;20.832469940185547
;20.818378448486328
;20.804244995117188
;20.790069580078125
;20.77585220336914
;20.761592864990234
;20.747291564941406
;20.732948303222656
;20.71856117248535
;20.704132080078125
;20.689661026000977
;20.675148010253906
;20.660593032836914
;20.64599609375
;20.631359100341797
;20.616680145263672
;20.601959228515625
;20.587196350097656
;20.572391510009766
;20.557544708251953
;20.54265594482422
;20.527725219726562
;20.512752532958984
;20.497737884521484
;20.482683181762695
;20.467586517333984
;20.45244789123535
;20.437267303466797
;20.42204475402832
;20.406780242919922
;20.3914737701416
;20.37612533569336
;20.360734939575195
;20.34530258178711
;20.3298282623291
;20.314311981201172
;20.29875373840332
;20.283153533935547
;20.26751136779785
;20.251827239990234
;20.236101150512695
;20.220333099365234
;20.20452308654785
;20.188671112060547
;20.17277717590332
;20.156841278076172
;20.1408634185791
;20.12484359741211
;20.108781814575195
;20.09267807006836
;20.0765323638916
;20.060344696044922
;20.044113159179688
;20.02783966064453
;20.011524200439453
;19.995166778564453
;19.97876739501953
;19.962326049804688
;19.945842742919922
;19.9293155670166
;19.91274642944336
;19.896135330200195
;19.879480361938477
;19.862783432006836
;19.846044540405273
;19.829261779785156
;19.812437057495117
;19.795568466186523
;19.778657913208008
;19.76170539855957
;19.74471092224121
;19.72767448425293
;19.710594177246094
;19.693471908569336
;19.676307678222656
;19.659099578857422
;19.641849517822266
;19.624557495117188
;19.607223510742188
;19.589845657348633
;19.572423934936523
;19.554960250854492
;19.53745460510254
;19.51990509033203
;19.50231170654297
;19.484676361083984
;19.466997146606445
;19.44927406311035
;19.431509017944336
;19.413700103759766
;19.39584732055664
;19.377952575683594
;19.36001205444336
;19.342029571533203
;19.324003219604492
;19.305932998657227
;19.28782081604004
;19.269662857055664
;19.251462936401367
;19.233219146728516
;19.21493148803711
;19.19659996032715
;19.178224563598633
;19.159807205200195
;19.14134407043457
;19.122838973999023
;19.10428810119629
;19.085695266723633
;19.06705665588379
;19.048376083374023
;19.02964973449707
;19.010879516601562
;18.9920654296875
;18.97320556640625
;18.954301834106445
;18.935354232788086
;18.91636085510254
;18.897323608398438
;18.87824249267578
;18.859115600585938
;18.839942932128906
;18.82072639465332
;18.80146598815918
;18.78215980529785
;18.762807846069336
;18.743410110473633
;18.723970413208008
;18.704484939575195
;18.684953689575195
;18.665376663208008
;18.645753860473633
;18.626089096069336
;18.60637855529785
;18.58662223815918
;18.56682014465332
;18.546972274780273
;18.52707862854004
;18.507139205932617
;18.487154006958008
;18.46712303161621
;18.447044372558594
;18.426918029785156
;18.40674591064453
;18.38652801513672
;18.36626434326172
;18.3459529876709
;18.325593948364258
;18.30518913269043
;18.284738540649414
;18.264240264892578
;18.243694305419922
;18.223102569580078
;18.202465057373047
;18.181781768798828
;18.161048889160156
;18.140270233154297
;18.119443893432617
;18.098569869995117
;18.07765007019043
;18.05668067932129
;18.03566551208496
;18.01460075378418
;17.993488311767578
;17.972328186035156
;17.951120376586914
;17.92986488342285
;17.908559799194336
;17.887205123901367
;17.865802764892578
;17.844350814819336
;17.822851181030273
;17.801301956176758
;17.77970314025879
;17.758054733276367
;17.736356735229492
;17.714611053466797
;17.692813873291016
;17.67096710205078
;17.649070739746094
;17.627124786376953
;17.60512924194336
;17.583084106445312
;17.560989379882812
;17.538843154907227
;17.516647338867188
;17.494401931762695
;17.472105026245117
;17.449756622314453
;17.427356719970703
;17.404905319213867
;17.382404327392578
;17.359851837158203
;17.337247848510742
;17.314592361450195
;17.291885375976562
;17.269126892089844
;17.24631690979004
;17.223453521728516
;17.20054054260254
;17.177574157714844
;17.15455436706543
;17.131481170654297
;17.108354568481445
;17.08517837524414
;17.061948776245117
;17.038665771484375
;17.015329360961914
;16.991939544677734
;16.96849250793457
;16.944992065429688
;16.921438217163086
;16.897830963134766
;16.87416648864746
;16.850448608398438
;16.826677322387695
;16.8028507232666
;16.778968811035156
;16.755033493041992
;16.731040954589844
;16.706993103027344
;16.682889938354492
;16.65873146057129
;16.634517669677734
;16.610248565673828
;16.58592414855957
;16.561542510986328
;16.5371036529541
;16.512609481811523
;16.488059997558594
;16.46345329284668
;16.43878936767578
;16.4140682220459
;16.38928985595703
;16.36445426940918
;16.339561462402344
;16.31460952758789
;16.289600372314453
;16.2645320892334
;16.239404678344727
;16.21422004699707
;16.188976287841797
;16.163673400878906
;16.1383113861084
;16.112890243530273
;16.0874080657959
;16.061866760253906
;16.036266326904297
;16.010604858398438
;15.984885215759277
;15.959105491638184
;15.93326473236084
;15.907363891601562
;15.881402969360352
;15.85538101196289
;15.82929801940918
;15.803153038024902
;15.776946067810059
;15.750678062438965
;15.724348068237305
;15.697955131530762
;15.671500205993652
;15.644981384277344
;15.618399620056152
;15.591754913330078
;15.565046310424805
;15.538273811340332
;15.511438369750977
;15.484539031982422
;15.457575798034668
;15.430547714233398
;15.403453826904297
;15.37629508972168
;15.34907054901123
;15.32178020477295
;15.294425010681152
;15.267003059387207
;15.239514350891113
;15.211958885192871
;15.184337615966797
;15.156649589538574
;15.128893852233887
;15.101068496704102
;15.073176383972168
;15.04521656036377
;15.017184257507324
;14.98909854888916
;14.96093463897705
;14.932703018188477
;14.904397964477539
;14.876026153564453
;14.847583770751953
;14.819073677062988
;14.79049301147461
;14.761841773986816
;14.733119010925293
;14.704326629638672
;14.67546272277832
;14.646527290344238
;14.617521286010742
;14.5884428024292
;14.55929183959961
;14.530068397521973
;14.500772476196289
;14.471403121948242
;14.441960334777832
;14.412443161010742
;14.382851600646973
;14.353185653686523
;14.323445320129395
;14.29362964630127
;14.263739585876465
;14.233773231506348
;14.203730583190918
;14.173611640930176
;14.143416404724121
;14.113144874572754
;14.082795143127441
;14.0523681640625
;14.02186393737793
;13.991281509399414
;13.960620880126953
;13.929882049560547
;13.899064064025879
;13.868167877197266
;13.837191581726074
;13.806135177612305
;13.774999618530273
;13.743782997131348
;13.712486267089844
;13.681108474731445
;13.649649620056152
;13.618109703063965
;13.586487770080566
;13.554783821105957
;13.52299690246582
;13.491127014160156
;13.459173202514648
;13.427135467529297
;13.395013809204102
;13.362808227539062
;13.330517768859863
;13.298142433166504
;13.265681266784668
;13.233134269714355
;13.20050048828125
;13.167780876159668
;13.134973526000977
;13.102078437805176
;13.069095611572266
;13.036025047302246
;13.002864837646484
;12.969615936279297
;12.936277389526367
;12.902849197387695
;12.869331359863281
;12.835722923278809
;12.802023887634277
;12.768235206604004
;12.734354972839355
;12.700383186340332
;12.666319847106934
;12.632163047790527
;12.59791374206543
;12.563570976257324
;12.529134750366211
;12.494603157043457
;12.459977149963379
;12.425254821777344
;12.390437126159668
;12.355523109436035
;12.320511817932129
;12.28540325164795
;12.250197410583496
;12.21489429473877
;12.179492950439453
;12.143993377685547
;12.108394622802734
;12.0726957321167
;12.036896705627441
;12.000997543334961
;11.964997291564941
;11.928895950317383
;11.892691612243652
;11.856386184692383
;11.819977760314941
;11.783465385437012
;11.746849060058594
;11.710127830505371
;11.673301696777344
;11.636370658874512
;11.599333763122559
;11.562190055847168
;11.52493953704834
;11.487582206726074
;11.450116157531738
;11.412541389465332
;11.374857902526855
;11.337064743041992
;11.299160957336426
;11.261146545410156
;11.223021507263184
;11.184785842895508
;11.146437644958496
;11.107976913452148
;11.069403648376465
;11.030716896057129
;10.991915702819824
;10.953001976013184
;10.913971900939941
;10.87482738494873
;10.835566520690918
;10.79619026184082
;10.756696701049805
;10.717085838317871
;10.677356719970703
;10.6375093460083
;10.597541809082031
;10.557455062866211
;10.517248153686523
;10.476919174194336
;10.436468124389648
;10.395895004272461
;10.355199813842773
;10.314380645751953
;10.2734375
;10.232369422912598
;10.19117546081543
;10.149855613708496
;10.108409881591797
;10.0668363571167
;10.025135040283203
;9.983304977416992
;9.941347122192383
;9.89925765991211
;9.857038497924805
;9.814687728881836
;9.772205352783203
;9.729591369628906
;9.686844825744629
;9.643964767456055
;9.600950241088867
;9.55780029296875
;9.51451587677002
;9.471095085144043
;9.427538871765137
;9.383845329284668
;9.34001350402832
;9.296042442321777
;9.251932144165039
;9.207680702209473
;9.163288116455078
;9.118752479553223
;9.074073791503906
;9.029252052307129
;8.984286308288574
;8.939175605773926
;8.893918991088867
;8.848516464233398
;8.802967071533203
;8.757269859313965
;8.711424827575684
;8.66543197631836
;8.619288444519043
;8.57299518585205
;8.526551246643066
;8.47995662689209
;8.433209419250488
;8.386308670043945
;8.339253425598145
;8.292043685913086
;8.244677543640137
;8.197155952453613
;8.149477005004883
;8.101640701293945
;8.053646087646484
;8.005491256713867
;7.957176208496094
;7.908699989318848
;7.860062122344971
;7.811261177062988
;7.762296676635742
;7.713167667388916
;7.663873672485352
;7.614413261413574
;7.564785957336426
;7.51499080657959
;7.465027332305908
;7.414894104003906
;7.364590644836426
;7.31411600112915
;7.263469219207764
;7.212649345397949
;7.161655902862549
;7.110487937927246
;7.059144973754883
;7.007625102996826
;6.955927848815918
;6.904052734375
;6.851998329162598
;6.799764156341553
;6.747349262237549
;6.694753646850586
;6.641976356506348
;6.589015483856201
;6.53587007522583
;6.482540130615234
;6.429023742675781
;6.3753204345703125
;6.32142972946167
;6.267350196838379
;6.213081359863281
;6.158622741699219
;6.103973865509033
;6.04913330078125
;5.994100093841553
;5.938873291015625
;5.883452415466309
;5.827836036682129
;5.772023677825928
;5.7160139083862305
;5.659806251525879
;5.603399753570557
;5.546792984008789
;5.489985466003418
;5.432975769042969
;5.375763893127441
;5.318347930908203
;5.2607269287109375
;5.202900409698486
;5.144866943359375
;5.0866265296936035
;5.028177261352539
;4.969518661499023
;4.910649299621582
;4.851568698883057
;4.792275428771973
;4.732769012451172
;4.673048496246338
;4.613112449645996
;4.552960395812988
;4.49259090423584
;4.432003498077393
;4.371196746826172
;4.3101701736450195
;4.248922348022461
;4.18745231628418
;4.125759601593018
;4.063842296600342
;4.001700401306152
;3.9393327236175537
;3.8767380714416504
;3.813915491104126
;3.750864028930664
;3.6875827312469482
;3.624070644378662
;3.5603268146514893
;3.4963502883911133
;3.4321398735046387
;3.367694854736328
;3.3030142784118652
;3.2380969524383545
;3.1729419231414795
;3.107548236846924
;3.041914939880371
;2.976041078567505
;2.909925699234009
;2.8435678482055664
;2.7769672870635986
;2.710123062133789
;2.643033504486084
;2.575697660446167
;2.508115291595459
;2.4402854442596436
;2.3722071647644043
;2.3038792610168457
;2.235300302505493
;2.1664693355560303
;2.097386360168457
;2.028049945831299
;1.9584592580795288
;1.888613224029541
;1.818510890007019
;1.7481508255004883
;1.6775323152542114
;1.6066542863845825
;1.5355156660079956
;1.4641152620315552
;1.3924521207809448
;1.3205251693725586
;1.2483333349227905
;1.175875186920166
;1.1031489372253418
;1.0301545858383179
;0.9568908214569092
;0.8833566308021545
;0.8095508217811584
;0.7354723811149597
;0.6611194610595703
;0.5864914655685425
;0.5115872025489807
;0.4364055097103119
;0.3609451353549957
;0.28520482778549194
;0.20918332040309906
;0.1328793615102768
;0.056291691958904266
;-0.020580962300300598
;-0.0977400690317154
;-0.1751868575811386
;-0.2529226839542389
;-0.33094894886016846
;-0.4092671573162079
;-0.4878787100315094
;-0.5667850375175476
;-0.6459877490997314
;-0.7254883050918579
;-0.8052881956100464
;-0.8853889107704163
;-0.965792179107666
;-1.0464997291564941
;-1.12751305103302
;-1.208833932876587
;-1.290464162826538
;-1.3724054098129272
;-1.4546595811843872
;-1.5372284650802612
;-1.6201139688491821
;-1.7033179998397827
;-1.786842703819275
;-1.870689868927002
;-1.9548616409301758
;-2.039360284805298
;-2.124187707901001
;-2.209346294403076
;-2.2948381900787354
;-2.3806657791137695
;-2.4668312072753906
;-2.5533370971679688
;-2.640186071395874
;-2.7273800373077393
;-2.8149216175079346
;-2.90281343460083
;-2.9910576343536377
;-3.0796570777893066
;-3.1686151027679443
;-3.257934093475342
;-3.3476171493530273
;-3.4376676082611084
;-3.5280888080596924
;-3.6188838481903076
;-3.7100558280944824
;-3.801608085632324
;-3.8935441970825195
;-3.9858672618865967
;-4.078580856323242
;-4.171688556671143
;-4.265193939208984
;-4.359100818634033
;-4.4534125328063965
;-4.548133373260498
;-4.6432671546936035
;-4.73881721496582
;-4.8347883224487305
;-4.931185722351074
;-5.028012752532959
;-5.12527322769165
;-5.222971439361572
;-5.321112155914307
;-5.4197001457214355
;-5.518739223480225
;-5.6182355880737305
;-5.718193531036377
;-5.818618297576904
;-5.9195146560668945
;-6.020888328552246
;-6.122745037078857
;-6.225090980529785
;-6.3279314041137695
;-6.431273460388184
;-6.535122394561768
;-6.639484405517578
;-6.7443647384643555
;-6.849771499633789
;-6.9557108879089355
;-7.062188625335693
;-7.169212818145752
;-7.276788711547852
;-7.384923934936523
;-7.493626117706299
;-7.602902412414551
;-7.7127604484558105
;-7.823207855224609
;-7.934252738952637
;-8.045902252197266
;-8.158164024353027
;-8.27104663848877
;-8.38455867767334
;-8.498708724975586
;-8.613505363464355
;-8.728958129882812
;-8.845074653625488
;-8.961865425109863
;-9.079339981079102
;-9.19750690460205
;-9.316376686096191
;-9.435959815979004
;-9.556266784667969
;-9.677306175231934
;-9.799089431762695
;-9.921626091003418
;-10.044926643371582
;-10.169002532958984
;-10.293864250183105
;-10.419522285461426
;-10.545988082885742
;-10.673271179199219
;-10.801383018493652
;-10.93033504486084
;-11.060139656066895
;-11.190807342529297
;-11.32235050201416
;-11.454779624938965
;-11.588106155395508
;-11.722341537475586
;-11.857497215270996
;-11.993584632873535
;-12.130617141723633
;-12.26860523223877
;-12.407560348510742
;-12.547494888305664
;-12.688421249389648
;-12.830350875854492
;-12.973295211791992
;-13.117265701293945
;-13.262274742126465
;-13.408333778381348
;-13.555455207824707
;-13.703649520874023
;-13.852928161621094
;-14.003304481506348
;-14.154789924621582
;-14.307394027709961
;-14.461130142211914
;-14.616007804870605
;-14.772040367126465
;-14.929237365722656
;-15.087610244750977
;-15.247170448303223
;-15.407928466796875
;-15.56989574432373
;-15.733081817626953
;-15.897499084472656
;-16.063156127929688
;-16.230064392089844
;-16.398235321044922
;-16.56767463684082
;-16.73839569091797
;-16.91040802001953
;-17.08371925354004
;-17.258342742919922
;-17.434288024902344
;-17.611562728881836
;-17.79017448425293
;-17.970134735107422
;-18.15144920349121
;-18.334125518798828
;-18.518173217773438
;-18.703601837158203
;-18.890417098999023
;-19.078628540039062
;-19.26824188232422
;-19.459264755249023
;-19.651700973510742
;-19.845561981201172
;-20.040849685668945
;-20.237571716308594
;-20.43573570251465
;-20.635345458984375
;-20.836406707763672
;-21.038925170898438
;-21.242904663085938
;-21.44835090637207
;-21.655269622802734
;-21.863662719726562
;-22.073535919189453
;-22.284894943237305
;-22.49774169921875
;-22.712080001831055
;-22.92791175842285
;-23.145244598388672
;-23.364076614379883
;-23.584415435791016
;-23.806262969970703
;-24.029621124267578
;-24.254491806030273
;-24.480880737304688
;-24.70878791809082
;-24.938217163085938
;-25.169174194335938
;-25.401657104492188
;-25.635671615600586
;-25.871219635009766
;-26.108306884765625
;-26.346933364868164
;-26.58710289001465
;-26.828819274902344
;-27.072086334228516
;-27.31690788269043
;-27.56328773498535
;-27.811229705810547
;-28.06073570251465
;-28.311811447143555
;-28.56446075439453
;-28.818689346313477
;-29.07450294494629
;-29.3319091796875
;-29.590911865234375
;-29.851516723632812
;-30.113731384277344
;-30.377565383911133
;-30.643024444580078
;-30.91011619567871
;-31.17885398864746
;-31.449243545532227
;-31.721296310424805
;-31.995023727416992
;-32.27043533325195
;-32.54754638671875
;-32.82636642456055
;-33.106910705566406
;-33.38919448852539
;-33.67323303222656
;-33.959041595458984
;-34.246639251708984
;-34.536041259765625
;-34.82726287841797
;-35.12032699584961
;-35.41524887084961
;-35.71205139160156
;-36.0107536315918
;-36.31138229370117
;-36.613956451416016
;-36.91849899291992
;-37.225040435791016
;-37.533599853515625
;-37.84420394897461
;-38.156883239746094
;-38.4716682434082
;-38.78858184814453
;-39.107662200927734
;-39.4289436340332
;-39.75246047973633
;-40.07825469970703
;-40.40636444091797
;-40.73683547973633
;-41.06971740722656
;-41.40505599975586
;-41.7429084777832
;-42.08333206176758
;-42.42637252807617
;-42.772098541259766
;-43.120567321777344
;-43.471839904785156
;-43.82598114013672
;-44.18305206298828
;-44.543113708496094
;-44.90623092651367
;-45.27246856689453
;-45.64189529418945
;-46.01457214355469
;-46.390560150146484
;-46.769920349121094
;-47.152713775634766
;-47.53900146484375
;-47.928836822509766
;-48.3222770690918
;-48.71937561035156
;-49.12018585205078
;-49.52474594116211
;-49.933101654052734
;-50.34528732299805
;-50.761329650878906
;-51.18125534057617
;-51.60507583618164
;-52.03280258178711
;-52.46443176269531
;-52.89995193481445
;-53.33934020996094
;-53.782562255859375
;-54.22957229614258
;-54.68031692504883
;-55.13471221923828
;-55.59266662597656
;-56.05406951904297
;-56.518798828125
;-56.9867057800293
;-57.45762634277344
;-57.93137741088867
;-58.40774917602539
;-58.886512756347656
;-59.36741256713867
;-59.85017776489258
;-60.334510803222656
;-60.82009506225586
;-61.30659103393555
;-61.793636322021484
;-62.28084945678711
;-62.76784133911133
;-63.25419235229492
;-63.73948287963867
;-64.2232666015625
;-64.7051010131836
;-65.18453979492188
;-65.66112518310547
;-66.13439178466797
;-66.60389709472656
;-67.0691909790039
;-67.52983093261719
;-67.98538970947266
;-68.43545532226562
;-68.87963104248047
;-69.31754302978516
;-69.74883270263672
;-70.17317199707031
;-70.59025573730469
;-70.99980163574219
;-71.40155792236328
;-71.79529571533203
;-72.18082427978516
;-72.55796813964844
;-72.92659759521484
;-73.28659057617188
;-73.63785552978516
;-73.9803466796875
;-74.31401824951172
;-74.63887023925781
;-74.95491027832031
;-75.26216888427734
;-75.56070709228516
;-75.85059356689453
;-76.13191223144531
;-76.40477752685547
;-76.6693115234375
;-76.9256362915039
;-77.17389678955078
;-77.41424560546875
;-77.64684295654297
;-77.87185668945312
;-78.08946228027344
;-78.29983520507812
;-78.50314331054688
;-78.6995849609375
;-78.88934326171875
;-79.07260131835938
;-79.24954223632812
;-79.42035675048828
;-79.5852279663086
;-79.74433135986328
;-79.8978500366211
;-80.04595947265625
;-80.18883514404297
;-80.32664489746094
;-80.45956420898438
;-80.5877456665039
;-80.71134948730469
;-80.83053588867188
;-80.94544982910156
;-81.05623626708984
;-81.16303253173828
;-81.26598358154297
;-81.36521911621094
;-81.46086883544922
;-81.55306243896484
;-81.64192199707031
;-81.7275619506836
;-81.81009674072266
;-81.88964080810547
;-81.96630859375
;-82.04019165039062
;-82.11139678955078
;-82.18002319335938
;-82.24615478515625
;-82.30988311767578
;-82.37129974365234
;-82.43048858642578
;-82.48753356933594
;-82.54251098632812
;-82.59548950195312
;-82.64655303955078
;-82.69577026367188
;-82.74320220947266
;-82.78892517089844
;-82.83299255371094
;-82.8754653930664
;-82.91641235351562
;-82.95588684082031
;-82.99394226074219
;-83.03062438964844
;-83.06599426269531
;-83.10009765625
;-83.13298034667969
;-83.16468811035156
;-83.19526672363281
;-83.2247543334961
;-83.2531967163086
;-83.28063201904297
;-83.30709838867188
;-83.33262634277344
;-83.35726165771484
;-83.38103485107422
;-83.40398406982422
;-83.42613220214844
;-83.44751739501953
;-83.4681625366211
;-83.48810577392578
;-83.50736236572266
;-83.52597045898438
;-83.5439453125
;-83.56131744384766
;-83.57810974121094
;-83.59434509277344
;-83.61004638671875
;-83.62523651123047
;-83.63993072509766
;-83.6541519165039
;-83.66791534423828
;-83.68123626708984
;-83.69413757324219
;-83.70662689208984
;-83.71873474121094
;-83.73046875
;-83.74183654785156
;-83.75286102294922
;-83.7635498046875
;-83.77391815185547
;-83.78397369384766
;-83.79373931884766
;-83.80322265625
;-83.81243133544922
;-83.82138061523438
;-83.830078125
;-83.83853149414062
;-83.84676361083984
;-83.85476684570312
;-83.86255645751953
;-83.87014770507812
;-83.87754821777344
;-83.88475036621094
;-83.89178466796875
;-83.89864349365234
;-83.90533447265625
;-83.91185760498047
;-83.91822814941406
;-83.92444610595703
;-83.93051147460938
;-83.93643951416016
;-83.9422378540039
;-83.9478988647461
;-83.95343780517578
;-83.9588623046875
;-83.96417236328125
;-83.96937561035156
;-83.97447204589844
;-83.9794692993164
;-83.984375
;-83.98918914794922
;-83.99391174316406
;-83.99854278564453
;-84.00309753417969
;-84.00757598876953
;-84.01197814941406
;-84.01631164550781
;-84.02056884765625
;-84.02476501464844
;-84.02890014648438
;-84.03297424316406
;-84.0369873046875
;-84.04093933105469
;-84.04483795166016
;-84.0486831665039
;-84.0524673461914
;-84.05620574951172
;-84.05989074707031
;-84.06352996826172
;-84.06712341308594
;-84.07067108154297
;-84.07417297363281
;-84.07764434814453
;-84.08106994628906
;-84.08446502685547
;-84.08781433105469
;-84.09113311767578
;-84.09442138671875
;-84.0976791381836
;-84.10090637207031
;-84.1041030883789
;-84.10726928710938
;-84.11040496826172
;-84.113525390625
;-84.11661529541016
;-84.11968231201172
;-84.12272644042969
;-84.12574768066406
;-84.12874603271484
;-84.13172912597656
;-84.13469696044922
;-84.13763427734375
;-84.14055633544922
;-84.1434555053711
;-84.14633178710938
;-84.14918518066406
;-84.15202331542969
;-84.15483856201172
;-84.15763854980469
;-84.1604232788086
;-84.16319274902344
;-84.16594696044922
;-84.16868591308594
;-84.1714096069336
;-84.17411804199219
;-84.17681121826172
;-84.17949676513672
;-84.18216705322266
;-84.18482208251953
;-84.18746948242188
;-84.19010925292969
;-84.19273376464844
;-84.19535064697266
;-84.19795989990234
;-84.20055389404297
;-84.20314025878906
;-84.20571899414062
;-84.20829010009766
;-84.21085357666016
;-84.21340942382812
;-84.21595764160156
;-84.218505859375
;-84.22103881835938
;-84.22357177734375
;-84.22610473632812
;-84.22862243652344
;-84.23114013671875
;-84.23365783691406
;-84.23616027832031
;-84.23866271972656
;-84.24116516113281
;-84.24365234375
;-84.24613189697266
;-84.24860382080078
;-84.25106048583984
;-84.2535171508789
;-84.2559585571289
;-84.25839233398438
;-84.26081848144531
;-84.26323699951172
;-84.2656478881836
;-84.26805877685547
;-84.27045440673828
;-84.2728500366211
;-84.27523803710938
;-84.27761840820312
;-84.27999877929688
;-84.2823715209961
;-84.28473663330078
;-84.28710174560547
;-84.28945922851562
;-84.29180908203125
;-84.29415893554688
;-84.2965087890625
;-84.29885864257812
;-84.30119323730469
;-84.30352783203125
;-84.30586242675781
;-84.30819702148438
;-84.31053161621094
;-84.31285095214844
;-84.31517028808594
;-84.31748962402344
;-84.31980895996094
;-84.3221206665039
;-84.32442474365234
;-84.32672119140625
;-84.32901000976562
;-84.331298828125
;-84.33358764648438
;-84.33586120605469
;-84.338134765625
;-84.34039306640625
;-84.3426513671875
;-84.34490203857422
;-84.3471450805664
;-84.3493881225586
;-84.35161590576172
;-84.35384368896484
;-84.35607147216797
;-84.35829162597656
;-84.36050415039062
;-84.36271667480469
;-84.36492919921875
;-84.36712646484375
;-84.36932373046875
;-84.37152099609375
;-84.37371826171875
;-84.37591552734375
;-84.37809753417969
;-84.38027954101562
;-84.38246154785156
;-84.3846435546875
;-84.38682556152344
;-84.38900756835938
;-84.39118194580078
;-84.39334869384766
;-84.39551544189453
;-84.39766693115234
;-84.39981842041016
;-84.40196990966797
;-84.40412139892578
;-84.40626525878906
;-84.40840148925781
;-84.41053009033203
;-84.41265106201172
;-84.41476440429688
;-84.4168701171875
;-84.41897583007812
;-84.42106628417969
;-84.42315673828125
;-84.42524719238281
;-84.42732238769531
;-84.42939758300781
;-84.43147277832031
;-84.43353271484375
;-84.43559265136719
;-84.43765258789062
;-84.43971252441406
;-84.44175720214844
;-84.44380187988281
;-84.44584655761719
;-84.44789123535156
;-84.4499282836914
;-84.45195770263672
;-84.45398712158203
;-84.45601654052734
;-84.45804595947266
;-84.46007537841797
;-84.46210479736328
;-84.46411895751953
;-84.46613311767578
;-84.46814727783203
;-84.47016143798828
;-84.47217559814453
;-84.47418975830078
;-84.47618865966797
;-84.47818756103516
;-84.48017120361328
;-84.4821548461914
;-84.48413848876953
;-84.48612213134766
;-84.48810577392578
;-84.4900894165039
;-84.49207305908203
;-84.49405670166016
;-84.49603271484375
;-84.49800109863281
;-84.49996948242188
;-84.50193786621094
;-84.50390625
;-84.505859375
;-84.5078125
;-84.50975799560547
;-84.5116958618164
;-84.51363372802734
;-84.51556396484375
;-84.51748657226562
;-84.5194091796875
;-84.52132415771484
;-84.52323150634766
;-84.52513885498047
;-84.52704620361328
;-84.52894592285156
;-84.53083801269531
;-84.53273010253906
;-84.53462219238281
;-84.53651428222656
;-84.53839111328125
;-84.54026794433594
;-84.54214477539062
;-84.54402160644531
;-84.5458984375
;-84.54776763916016
;-84.54962921142578
;-84.5514907836914
;-84.55335235595703
;-84.55521392822266
;-84.55707550048828
;-84.5589370727539
;-84.56079864501953
;-84.5626449584961
;-84.56449127197266
;-84.56633758544922
;-84.56818389892578
;-84.57003021240234
;-84.5718765258789
;-84.57371520996094
;-84.57554626464844
;-84.57737731933594
;-84.57920837402344
;-84.58102416992188
;-84.58283996582031
;-84.58465576171875
;-84.58646392822266
;-84.58827209472656
;-84.59007263183594
;-84.59187316894531
;-84.59365844726562
;-84.59544372558594
;-84.59722137451172
;-84.59899139404297
;-84.60076141357422
;-84.60252380371094
;-84.60427856445312
;-84.60603332519531
;-84.6077880859375
;-84.60952758789062
;-84.61126708984375
;-84.61300659179688
;-84.61473846435547
;-84.61646270751953
;-84.6181869506836
;-84.61991119384766
;-84.62163543701172
;-84.62335205078125
;-84.62506103515625
;-84.62677001953125
;-84.62847900390625
;-84.63018798828125
;-84.63189697265625
;-84.63359069824219
;-84.63528442382812
;-84.63697814941406
;-84.638671875
;-84.64036560058594
;-84.64205932617188
;-84.64375305175781
;-84.64543151855469
;-84.64710998535156
;-84.64878845214844
;-84.65046691894531
;-84.65214538574219
;-84.65382385253906
;-84.65548706054688
;-84.65715026855469
;-84.65880584716797
;-84.66045379638672
;-84.66209411621094
;-84.66372680664062
;-84.66535949707031
;-84.66697692871094
;-84.66859436035156
;-84.67021179199219
;-84.67181396484375
;-84.67341613769531
;-84.67501831054688
;-84.6766128540039
;-84.6781997680664
;-84.6797866821289
;-84.6813735961914
;-84.68295288085938
;-84.68452453613281
;-84.68609619140625
;-84.68766784667969
;-84.68922424316406
;-84.69078063964844
;-84.69233703613281
;-84.69389343261719
;-84.69544219970703
;-84.69698333740234
;-84.69852447509766
;-84.70006561279297
;-84.70160675048828
;-84.70313262939453
;-84.70465850830078
;-84.70618438720703
;-84.70771026611328
;-84.70923614501953
;-84.71076202392578
;-84.7122802734375
;-84.71379089355469
;-84.71530151367188
;-84.71681213378906
;-84.71832275390625
;-84.71983337402344
;-84.72134399414062
;-84.72285461425781
;-84.72435760498047
;-84.7258529663086
;-84.72734832763672
;-84.72884368896484
;-84.73033905029297
;-84.7318344116211
;-84.73332977294922
;-84.73482513427734
;-84.73632049560547
;-84.7378158569336
;-84.73931121826172
;-84.74080657958984
;-84.74229431152344
;-84.7437744140625
;-84.74525451660156
;-84.74673461914062
;-84.74821472167969
;-84.74969482421875
;-84.75117492675781
;-84.75265502929688
;-84.7541275024414
;-84.7555923461914
;-84.7570571899414
;-84.7585220336914
;-84.7599868774414
;-84.7614517211914
;-84.7629165649414
;-84.7643814086914
;-84.76583099365234
;-84.76728057861328
;-84.76873016357422
;-84.7701644897461
;-84.77159881591797
;-84.77302551269531
;-84.77444458007812
;-84.77586364746094
;-84.77727508544922
;-84.77867889404297
;-84.78008270263672
;-84.78147888183594
;-84.78286743164062
;-84.78425598144531
;-84.78564453125
;-84.78701782226562
;-84.78839111328125
;-84.78976440429688
;-84.7911376953125
;-84.79249572753906
;-84.79385375976562
;-84.79521179199219
;-84.79656982421875
;-84.79792785644531
;-84.79927062988281
;-84.80061340332031
;-84.80195617675781
;-84.80329895019531
;-84.80464172363281
;-84.80598449707031
;-84.80731201171875
;-84.80863952636719
;-84.80996704101562
;-84.81129455566406
;-84.8126220703125
;-84.81394958496094
;-84.81527709960938
;-84.81660461425781
;-84.81791687011719
;-84.81922912597656
;-84.82054138183594
;-84.82185363769531
;-84.82316589355469
;-84.82447814941406
;-84.82579040527344
;-84.82710266113281
;-84.82841491699219
;-84.82972717285156
;-84.83103942871094
;-84.83234405517578
;-84.8336410522461
;-84.8349380493164
;-84.83623504638672
;-84.83753204345703
;-84.83882904052734
;-84.84012603759766
;-84.84142303466797
;-84.84272003173828
;-84.8440170288086
;-84.8453140258789
;-84.84660339355469
;-84.84788513183594
;-84.84916687011719
;-84.85044860839844
;-84.85172271728516
;-84.85298919677734
;-84.85425567626953
;-84.85552215576172
;-84.8567886352539
;-84.8580551147461
;-84.85932159423828
;-84.86058807373047
;-84.86185455322266
;-84.86312103271484
;-84.86437225341797
;-84.8656234741211
;-84.86687469482422
;-84.86812591552734
;-84.8693618774414
;-84.87059783935547
;-84.87183380126953
;-84.87305450439453
;-84.87427520751953
;-84.87548828125
;-84.87669372558594
;-84.87789916992188
;-84.87910461425781
;-84.88029479980469
;-84.88148498535156
;-84.88267517089844
;-84.88386535644531
;-84.88504028320312
;-84.88621520996094
;-84.88739013671875
;-84.88856506347656
;-84.88973236083984
;-84.8908920288086
;-84.89205169677734
;-84.8932113647461
;-84.89437103271484
;-84.8955307006836
;-84.89667510986328
;-84.89781951904297
;-84.89896392822266
;-84.90010833740234
;-84.90125274658203
;-84.90239715576172
;-84.9035415649414
;-84.90467834472656
;-84.90580749511719
;-84.90693664550781
;-84.90806579589844
;-84.90919494628906
;-84.91032409667969
;-84.91145324707031
;-84.91258239746094
;-84.91371154785156
;-84.91484069824219
;-84.91595458984375
;-84.91706848144531
;-84.91818237304688
;-84.91929626464844
;-84.92041015625
;-84.92152404785156
;-84.92263793945312
;-84.92375183105469
;-84.92486572265625
;-84.92597961425781
;-84.92709350585938
;-84.92820739746094
;-84.9293212890625
;-84.93043518066406
;-84.93154907226562
;-84.93264770507812
;-84.93374633789062
;-84.93484497070312
;-84.93594360351562
;-84.93704223632812
;-84.93814086914062
;-84.93923950195312
;-84.94033813476562
;-84.94143676757812
;-84.94252014160156
;-84.943603515625
;-84.94468688964844
;-84.94577026367188
;-84.94684600830078
;-84.94791412353516
;-84.94898223876953
;-84.9500503540039
;-84.95111083984375
;-84.95216369628906
;-84.95321655273438
;-84.95426940917969
;-84.95530700683594
;-84.95634460449219
;-84.95738220214844
;-84.95841217041016
;-84.95943450927734
;-84.96045684814453
;-84.96147918701172
;-84.96248626708984
;-84.96349334716797
;-84.9645004272461
;-84.96549987792969
;-84.96649169921875
;-84.96748352050781
;-84.96847534179688
;-84.9694595336914
;-84.9704360961914
;-84.9714126586914
;-84.9723892211914
;-84.9733657836914
;-84.97433471679688
;-84.97529602050781
;-84.97625732421875
;-84.97721862792969
;-84.97817993164062
;-84.97914123535156
;-84.9801025390625
;-84.98104858398438
;-84.98199462890625
;-84.98294067382812
;-84.98388671875
;-84.98483276367188
;-84.98577880859375
;-84.98672485351562
;-84.9876708984375
;-84.98860168457031
;-84.98953247070312
;-84.99046325683594
;-84.99139404296875
;-84.99232482910156
;-84.99325561523438
;-84.99418640136719
;-84.9951171875
;-84.99604797363281
;-84.99697875976562
;-84.99790954589844
;-84.99883270263672
;-84.99974822998047
;-85.00066375732422
;-85.00157928466797
;-85.00249481201172
;-85.00341033935547
;-85.00432586669922
;-85.00524139404297
;-85.00615692138672
;-85.00707244873047
;-85.00798797607422
;-85.00890350341797
;-85.00981903076172
;-85.01073455810547
;-85.01165008544922
;-85.01256561279297
;-85.01348114013672
;-85.0143814086914
;-85.0152816772461
;-85.01618194580078
;-85.01708221435547
;-85.01798248291016
;-85.01888275146484
;-85.01978302001953
;-85.02066802978516
;-85.02155303955078
;-85.02243041992188
;-85.02330017089844
;-85.024169921875
;-85.02503967285156
;-85.02590942382812
;-85.02677917480469
;-85.02764892578125
;-85.02851104736328
;-85.02936553955078
;-85.03022003173828
;-85.03107452392578
;-85.03192901611328
;-85.03278350830078
;-85.03363800048828
;-85.03449249267578
;-85.03534698486328
;-85.03619384765625
;-85.03704071044922
;-85.03789520263672
;-85.03874969482422
;-85.03960418701172
;-85.04045867919922
;-85.04131317138672
;-85.04216766357422
;-85.04302215576172
;-85.04387664794922
;-85.04473114013672
;-85.04558563232422
;-85.04644012451172
;-85.04729461669922
;-85.04815673828125
;-85.04901123046875
;-85.04986572265625
;-85.05072021484375
;-85.05157470703125
;-85.05242919921875
;-85.05328369140625
;-85.05413818359375
;-85.05499267578125
;-85.05584716796875
;-85.05670928955078
;-85.05756378173828
;-85.05841827392578
;-85.05927276611328
;-85.06012725830078
;-85.06098175048828
;-85.06183624267578
;-85.06269073486328
;-85.06354522705078
;-85.06439971923828
;-85.06525421142578
;-85.06609344482422
;-85.06693267822266
;-85.0677719116211
;-85.06861114501953
;-85.06945037841797
;-85.0702896118164
;-85.07112884521484
;-85.07196807861328
;-85.07280731201172
;-85.0736312866211
;-85.07445526123047
;-85.07527923583984
;-85.07610321044922
;-85.07691192626953
;-85.07772064208984
;-85.07852935791016
;-85.07933807373047
;-85.08013153076172
;-85.08092498779297
;-85.08171844482422
;-85.08251190185547
;-85.08330535888672
;-85.0840835571289
;-85.0848617553711
;-85.08563995361328
;-85.08641815185547
;-85.08719635009766
;-85.08796691894531
;-85.08872985839844
;-85.08949279785156
;-85.09025573730469
;-85.09101867675781
;-85.09178161621094
;-85.09254455566406
;-85.09329223632812
;-85.09403991699219
;-85.09478759765625
;-85.09553527832031
;-85.09628295898438
;-85.09703063964844
;-85.0977783203125
;-85.09852600097656
;-85.09927368164062
;-85.10000610351562
;-85.10073852539062
;-85.10147094726562
;-85.10220336914062
;-85.10293579101562
;-85.10366821289062
;-85.10440063476562
;-85.10513305664062
;-85.10586547851562
;-85.10659790039062
;-85.10731506347656
;-85.1080322265625
;-85.10874938964844
;-85.10946655273438
;-85.11018371582031
;-85.11090087890625
;-85.11161804199219
;-85.11231994628906
;-85.11302185058594
;-85.11372375488281
;-85.11442565917969
;-85.11512756347656
;-85.11582946777344
;-85.11653137207031
;-85.11723327636719
;-85.11793518066406
;-85.1186294555664
;-85.11931610107422
;-85.12000274658203
;-85.12068939208984
;-85.12136840820312
;-85.12203979492188
;-85.12271118164062
;-85.12338256835938
;-85.12405395507812
;-85.12472534179688
;-85.1253890991211
;-85.12606048583984
;-85.12671661376953
;-85.12737274169922
;-85.1280288696289
;-85.1286849975586
;-85.12933349609375
;-85.12997436523438
;-85.130615234375
;-85.13125610351562
;-85.13189697265625
;-85.13253784179688
;-85.1331787109375
;-85.1338119506836
;-85.13445281982422
;-85.13508605957031
;-85.13571166992188
;-85.13633728027344
;-85.136962890625
;-85.1375732421875
;-85.13818359375
;-85.1387939453125
;-85.139404296875
;-85.14000701904297
;-85.1406021118164
;-85.14119720458984
;-85.14179229736328
;-85.14238739013672
;-85.14298248291016
;-85.1435775756836
;-85.14417266845703
;-85.14476776123047
;-85.14535522460938
;-85.14595031738281
;-85.14653778076172
;-85.14713287353516
;-85.1477279663086
;-85.14832305908203
;-85.14891815185547
;-85.1495132446289
;-85.1501235961914
;-85.1507339477539
;-85.1513442993164
;-85.1519546508789
;-85.15257263183594
;-85.15318298339844
;-85.15380096435547
;-85.15442657470703
;-85.1550521850586
;-85.15567779541016
;-85.15630340576172
;-85.15692901611328
;-85.15755462646484
;-85.1581802368164
;-85.15880584716797
;-85.15943145751953
;-85.16004943847656
;-85.16065979003906
;-85.16127014160156
;-85.1618881225586
;-85.16250610351562
;-85.16312408447266
;-85.16374969482422
;-85.16436767578125
;-85.16498565673828
;-85.16559600830078
;-85.16620635986328
;-85.16681671142578
;-85.16744232177734
;-85.16805267333984
;-85.16867065429688
;-85.16928100585938
;-85.1698989868164
;-85.1705093383789
;-85.1711196899414
;-85.1717300415039
;-85.1723403930664
;-85.1729507446289
;-85.1735610961914
;-85.1741714477539
;-85.1747817993164
;-85.1753921508789
;-85.1760025024414
;-85.17660522460938
;-85.17720794677734
;-85.17780303955078
;-85.17839813232422
;-85.17899322509766
;-85.1795883178711
;-85.18018341064453
;-85.18077087402344
;-85.18135833740234
;-85.18193817138672
;-85.1825180053711
;-85.18309783935547
;-85.18367767333984
;-85.18425750732422
;-85.1848373413086
;-85.1854019165039
;-85.18596649169922
;-85.18653106689453
;-85.18709564208984
;-85.18766021728516
;-85.18822479248047
;-85.18878936767578
;-85.1893539428711
;-85.18990325927734
;-85.1904525756836
;-85.19100189208984
;-85.1915512084961
;-85.19210052490234
;-85.1926498413086
;-85.19319915771484
;-85.1937484741211
;-85.19429779052734
;-85.1948471069336
;-85.19539642333984
;-85.19593811035156
;-85.19647216796875
;-85.19700622558594
;-85.19754028320312
;-85.19807434082031
;-85.1986083984375
;-85.19914245605469
;-85.19967651367188
;-85.20021057128906
;-85.20074462890625
;-85.20127868652344
;-85.20181274414062
;-85.20234680175781
;-85.202880859375
;-85.20341491699219
;-85.20394897460938
;-85.20448303222656
;-85.20501708984375
;-85.20555114746094
;-85.2060775756836
;-85.20659637451172
;-85.20711517333984
;-85.20763397216797
;-85.2081527709961
;-85.20867156982422
;-85.20919036865234
;-85.20970916748047
;-85.2102279663086
;-85.21074676513672
;-85.21126556396484
;-85.2117691040039
;-85.21227264404297
;-85.21277618408203
;-85.21327209472656
;-85.21376037597656
;-85.21424865722656
;-85.21473693847656
;-85.21522521972656
;-85.21571350097656
;-85.21620178222656
;-85.21669006347656
;-85.21717834472656
;-85.21765899658203
;-85.21813201904297
;-85.2186050415039
;-85.21907806396484
;-85.21955108642578
;-85.22002410888672
;-85.22049713134766
;-85.2209701538086
;-85.22144317626953
;-85.2219009399414
;-85.22235870361328
;-85.22281646728516
;-85.22327423095703
;-85.2237319946289
;-85.22418975830078
;-85.22464752197266
;-85.22510528564453
;-85.2255630493164
;-85.22602081298828
;-85.2264633178711
;-85.2269058227539
;-85.22734832763672
;-85.22779083251953
;-85.22823333740234
;-85.22867584228516
;-85.22911834716797
;-85.22956085205078
;-85.22999572753906
;-85.23042297363281
;-85.23085021972656
;-85.23127746582031
;-85.23170471191406
;-85.23212432861328
;-85.23255157470703
;-85.23296356201172
;-85.2333755493164
;-85.2337875366211
;-85.23419952392578
;-85.23461151123047
;-85.23502349853516
;-85.23543548583984
;-85.23584747314453
;-85.23625183105469
;-85.23664855957031
;-85.23704528808594
;-85.23744201660156
;-85.23783874511719
;-85.23823547363281
;-85.23863220214844
;-85.23902893066406
;-85.23942565917969
;-85.23981475830078
;-85.24019622802734
;-85.2405776977539
;-85.24095916748047
;-85.24134063720703
;-85.2417221069336
;-85.24210357666016
;-85.24248504638672
;-85.24286651611328
;-85.24324035644531
