;-85.18138122558594
;-85.181396484375
;-85.18141174316406
;-85.18142700195312
;-85.18144226074219
;-85.18145751953125
;-85.18147277832031
;-85.18148803710938
;-85.18150329589844
;-85.1815185546875
;-85.18152618408203
;-85.18152618408203
;-85.18152618408203
;-85.18152618408203
;-85.18152618408203
;-85.18152618408203
;-85.18153381347656
;-85.18154907226562
;-85.18156433105469
;-85.18157958984375
;-85.18159484863281
;-85.18161010742188
;-85.18162536621094
;-85.181640625
;-85.18165588378906
;-85.18167114257812
;-85.18168640136719
;-85.18170166015625
;-85.18170928955078
;-85.18170928955078
;-85.18170928955078
;-85.18170928955078
;-85.18170928955078
;-85.18170928955078
;-85.18170928955078
;-85.18172454833984
;-85.1817398071289
;-85.18175506591797
;-85.18177032470703
;-85.1817855834961
;-85.18180084228516
;-85.18181610107422
;-85.18183135986328
;-85.18184661865234
;-85.1818618774414
;-85.18187713623047
;-85.18189239501953
;-85.18189239501953
;-85.18189239501953
;-85.18189239501953
;-85.18189239501953
;-85.18189239501953
;-85.18189239501953
;-85.1819076538086
;-85.18192291259766
;-85.18193817138672
;-85.18195343017578
;-85.18196868896484
;-85.1819839477539
;-85.18199920654297
;-85.18201446533203
;-85.1820297241211
;-85.18204498291016
;-85.18206024169922
;-85.18207550048828
;-85.18207550048828
;-85.18207550048828
;-85.18207550048828
;-85.18207550048828
;-85.18207550048828
;-85.18207550048828
;-85.18209075927734
;-85.1821060180664
;-85.18212127685547
;-85.18213653564453
;-85.1821517944336
;-85.18216705322266
;-85.18218231201172
;-85.18219757080078
;-85.18221282958984
;-85.1822280883789
;-85.18224334716797
;-85.18225860595703
;-85.18225860595703
;-85.18225860595703
;-85.18225860595703
;-85.18225860595703
;-85.18225860595703
;-85.18225860595703
;-85.18225860595703
;-85.18225860595703
;-85.18225860595703
;-85.18225860595703
;-85.18225860595703
;-85.18225860595703
;-85.18225860595703
;-85.18225860595703
;-85.18225860595703
;-85.18225860595703
;-85.18225860595703
;-85.18225860595703
;-85.18225860595703
;-85.18225860595703
;-85.18225860595703
;-85.18225860595703
;-85.18225860595703
;-85.18225860595703
;-85.18225860595703
;-85.18225860595703
;-85.18225860595703
;-85.18225860595703
;-85.18225860595703
;-85.18225860595703
;-85.18225860595703
;-85.18225860595703
;-85.18225860595703
;-85.18225860595703
;-85.18225860595703
;-85.18225860595703
;-85.18225860595703
;-85.18225860595703
;-85.18225860595703
;-85.18225860595703
;-85.18225860595703
;-85.18225860595703
;-85.18225860595703
;-85.18225860595703
;-85.18225860595703
;-85.18225860595703
;-85.18225860595703
;-85.18225860595703
;-85.18225860595703
;-85.18225860595703
;-85.18225860595703
;-85.18225860595703
;-85.18225860595703
;-85.18225860595703
;-85.18225860595703
;-85.18225860595703
;-85.18225860595703
;-85.18225860595703
;-85.18225860595703
;-85.18225860595703
;-85.18225860595703
;-85.18225860595703
;-85.18225860595703
;-85.18225860595703
;-85.18225860595703
;-85.18225860595703
;-85.18225860595703
;-85.18225860595703
;-85.18225860595703
;-85.18225860595703
;-85.18225860595703
;-85.18225860595703
;-85.18225860595703
;-85.18225860595703
;-85.18225860595703
;-85.18225860595703
;-85.18225860595703
;-85.18225860595703
;-85.18225860595703
;-85.18225860595703
;-85.18225860595703
;-85.18225860595703
;-85.18225860595703
;-85.18225860595703
;-85.18225860595703
;-85.18225860595703
;-85.18225860595703
;-85.18225860595703
;-85.18225860595703
;-85.18225860595703
;-85.18225860595703
;-85.18225860595703
;-85.18225860595703
;-85.18225860595703
;-85.18225860595703
;-85.18225860595703
;-85.18225860595703
;-85.18225860595703
;-85.18225860595703
;-85.18225860595703
;-85.18225860595703
;-85.18225860595703
;-85.18226623535156
;-85.18226623535156
;-85.18226623535156
;-85.18226623535156
;-85.18226623535156
;-85.18226623535156
;-85.18226623535156
;-85.18226623535156
;-85.18226623535156
;-85.18226623535156
;-85.18226623535156
;-85.1822738647461
;-85.18228912353516
;-85.18230438232422
;-85.18231964111328
;-85.18233489990234
;-85.1823501586914
;-85.18235778808594
;-85.18235778808594
;-85.18235778808594
;-85.18235778808594
;-85.18235778808594
;-85.18235778808594
;-85.18235778808594
;-85.18235778808594
;-85.18235778808594
;-85.18235778808594
;-85.18235778808594
;-85.18235778808594
;-85.18235778808594
;-85.18235778808594
;-85.18235778808594
;-85.18235778808594
;-85.18235778808594
;-85.18235778808594
;-85.18235778808594
;-85.18235778808594
;-85.18235778808594
;-85.18235778808594
;-85.18235778808594
;-85.18235778808594
;-85.18235778808594
;-85.18235778808594
;-85.18235778808594
;-85.18235778808594
;-85.18235778808594
;-85.182373046875
;-85.18238830566406
;-85.18240356445312
;-85.18241882324219
;-85.18243408203125
;-85.18244934082031
;-85.18244934082031
;-85.18244934082031
;-85.18244934082031
;-85.18244934082031
;-85.18244934082031
;-85.18244934082031
;-85.18244934082031
;-85.18244934082031
;-85.18244934082031
;-85.18244934082031
;-85.18244934082031
;-85.18244934082031
;-85.18244934082031
;-85.18244934082031
;-85.18244934082031
;-85.18244934082031
;-85.18244934082031
;-85.18244934082031
;-85.18244934082031
;-85.18244934082031
;-85.18245697021484
;-85.18245697021484
;-85.18245697021484
;-85.18245697021484
;-85.18245697021484
;-85.18245697021484
;-85.18245697021484
;-85.18245697021484
;-85.18245697021484
;-85.18245697021484
;-85.18245697021484
;-85.18245697021484
;-85.18245697021484
;-85.18245697021484
;-85.18245697021484
;-85.18245697021484
;-85.18245697021484
;-85.18245697021484
;-85.18245697021484
;-85.18245697021484
;-85.18245697021484
;-85.18245697021484
;-85.18245697021484
;-85.18245697021484
;-85.18245697021484
;-85.18245697021484
;-85.18245697021484
;-85.18245697021484
;-85.18245697021484
;-85.18245697021484
;-85.18245697021484
;-85.18245697021484
;-85.18245697021484
;-85.18245697021484
;-85.18245697021484
;-85.18245697021484
;-85.18245697021484
;-85.18245697021484
;-85.18245697021484
;-85.18245697021484
;-85.18245697021484
;-85.18245697021484
;-85.18245697021484
;-85.18245697021484
;-85.18245697021484
;-85.18245697021484
;-85.18245697021484
;-85.18245697021484
;-85.18245697021484
;-85.18245697021484
;-85.18245697021484
;-85.18245697021484
;-85.18245697021484
;-85.18245697021484
;-85.18245697021484
;-85.18246459960938
;-85.18246459960938
;-85.18246459960938
;-85.18246459960938
;-85.18246459960938
;-85.18246459960938
;-85.18246459960938
;-85.18246459960938
;-85.18246459960938
;-85.18246459960938
;-85.18246459960938
;-85.18246459960938
;-85.18246459960938
;-85.18246459960938
;-85.18246459960938
;-85.18246459960938
;-85.18246459960938
;-85.18246459960938
;-85.18246459960938
;-85.18246459960938
;-85.18246459960938
;-85.18246459960938
;-85.18246459960938
;-85.18246459960938
;-85.18246459960938
;-85.18246459960938
;-85.18246459960938
;-85.18246459960938
;-85.18246459960938
;-85.18246459960938
;-85.18246459960938
;-85.18246459960938
;-85.18246459960938
;-85.18246459960938
;-85.18246459960938
;-85.18246459960938
;-85.18246459960938
;-85.18246459960938
;-85.18246459960938
;-85.18246459960938
;-85.18246459960938
;-85.18246459960938
;-85.18246459960938
;-85.18246459960938
;-85.18246459960938
;-85.1824722290039
;-85.1824722290039
;-85.1824722290039
;-85.1824722290039
;-85.1824722290039
;-85.1824722290039
;-85.1824722290039
;-85.1824722290039
;-85.1824722290039
;-85.1824722290039
;-85.1824722290039
;-85.1824722290039
;-85.1824722290039
;-85.1824722290039
;-85.1824722290039
;-85.1824722290039
;-85.1824722290039
;-85.1824722290039
;-85.1824722290039
;-85.1824722290039
;-85.1824722290039
;-85.1824722290039
;-85.1824722290039
;-85.1824722290039
;-85.1824722290039
;-85.1824722290039
;-85.1824722290039
;-85.1824722290039
;-85.1824722290039
;-85.1824722290039
;-85.1824722290039
;-85.1824722290039
;-85.1824722290039
;-85.1824722290039
;-85.1824722290039
;-85.1824722290039
;-85.1824722290039
;-85.1824722290039
;-85.18247985839844
;-85.18247985839844
;-85.18247985839844
;-85.18247985839844
;-85.18247985839844
;-85.18247985839844
;-85.18247985839844
;-85.18247985839844
;-85.18247985839844
;-85.18247985839844
;-85.18247985839844
;-85.18247985839844
;-85.18247985839844
;-85.18247985839844
;-85.18247985839844
;-85.18247985839844
;-85.18247985839844
;-85.18247985839844
;-85.18247985839844
;-85.18247985839844
;-85.18247985839844
;-85.18247985839844
;-85.18247985839844
;-85.18247985839844
;-85.18247985839844
;-85.18247985839844
;-85.18247985839844
;-85.18247985839844
;-85.18247985839844
;-85.18247985839844
;-85.18247985839844
;-85.18247985839844
;-85.18247985839844
;-85.18247985839844
;-85.18247985839844
;-85.18247985839844
;-85.18248748779297
;-85.18248748779297
;-85.18248748779297
;-85.18248748779297
;-85.18248748779297
;-85.18248748779297
;-85.18248748779297
;-85.18248748779297
;-85.18248748779297
;-85.18248748779297
;-85.18248748779297
;-85.18248748779297
;-85.18248748779297
;-85.18248748779297
;-85.18248748779297
;-85.18248748779297
;-85.18248748779297
;-85.18248748779297
;-85.18248748779297
;-85.18248748779297
;-85.18248748779297
;-85.18248748779297
;-85.18248748779297
;-85.18248748779297
;-85.18248748779297
;-85.18248748779297
;-85.18248748779297
;-85.18248748779297
;-85.18248748779297
;-85.18248748779297
;-85.18248748779297
;-85.18248748779297
;-85.1824951171875
;-85.1824951171875
;-85.1824951171875
;-85.1824951171875
;-85.1824951171875
;-85.1824951171875
;-85.1824951171875
;-85.1824951171875
;-85.1824951171875
;-85.1824951171875
;-85.1824951171875
;-85.1824951171875
;-85.1824951171875
;-85.1824951171875
;-85.1824951171875
;-85.1824951171875
;-85.1824951171875
;-85.1824951171875
;-85.1824951171875
;-85.1824951171875
;-85.1824951171875
;-85.1824951171875
;-85.1824951171875
;-85.1824951171875
;-85.1824951171875
;-85.1824951171875
;-85.1824951171875
;-85.1824951171875
;-85.1824951171875
;-85.1824951171875
;-85.1824951171875
;-85.18250274658203
;-85.18250274658203
;-85.18250274658203
;-85.18250274658203
;-85.18250274658203
;-85.18250274658203
;-85.18250274658203
;-77.23873901367188
;-69.47824096679688
;-61.76521301269531
;-53.2087516784668
;-36.191192626953125
;24.47475242614746
;38.911319732666016
;38.759910583496094
;36.923030853271484
;34.716835021972656
;32.4705924987793
;30.34489631652832
;28.42733383178711
;26.75832748413086
;25.346942901611328
;24.180091857910156
;23.230119705200195
;22.46942710876465
;21.866912841796875
;21.385765075683594
;20.979644775390625
;20.5854434967041
;20.12342071533203
;19.54285430908203
;18.895299911499023
;18.255950927734375
;17.66687774658203
;17.143131256103516
;16.68610954284668
;16.291522979736328
;15.95323371887207
;15.664909362792969
;15.420679092407227
;15.215327262878418
;15.044301986694336
;14.903677940368652
;14.790019989013672
;14.700374603271484
;14.632146835327148
;14.583053588867188
;14.551085472106934
;14.534454345703125
;14.531564712524414
;14.540987968444824
;14.561437606811523
;14.591756820678711
;14.630894660949707
;14.677903175354004
;14.73192310333252
;14.792174339294434
;14.857946395874023
;14.92859935760498
;15.003556251525879
;15.082266807556152
;15.16429615020752
;15.249194145202637
;15.336575508117676
;15.426090240478516
;15.517427444458008
;15.610310554504395
;15.704493522644043
;15.799753189086914
;15.895895004272461
;15.992749214172363
;16.090164184570312
;16.188007354736328
;16.286163330078125
;16.384532928466797
;16.4830322265625
;16.581586837768555
;16.680131912231445
;16.77861785888672
;16.876998901367188
;16.975236892700195
;17.07330322265625
;17.171171188354492
;17.268821716308594
;17.366239547729492
;17.46352767944336
;17.56070327758789
;17.657739639282227
;17.75461769104004
;17.851318359375
;17.947826385498047
;18.044132232666016
;18.140226364135742
;18.23609733581543
;18.33173942565918
;18.427146911621094
;18.52231216430664
;18.617233276367188
;18.711904525756836
;18.80632209777832
;18.900480270385742
;18.9943790435791
;19.0880126953125
;19.181379318237305
;19.274473190307617
;19.367292404174805
;19.4598331451416
;19.552093505859375
;19.644071578979492
;19.735761642456055
;19.827165603637695
;19.918277740478516
;20.009098052978516
;20.099624633789062
;20.189857482910156
;20.27979850769043
;20.369447708129883
;20.45880699157715
;20.547882080078125
;20.636674880981445
;20.72519302368164
;20.813444137573242
;20.90143585205078
;20.989177703857422
;21.076683044433594
;21.16396713256836
;21.251041412353516
;21.337921142578125
;21.424623489379883
;21.51116371154785
;21.597553253173828
;21.683805465698242
;21.769927978515625
;21.855920791625977
;21.9417781829834
;22.027488708496094
;22.113025665283203
;22.198352813720703
;22.28342628479004
;22.368186950683594
;22.45256805419922
;22.536495208740234
;22.619890213012695
;22.702674865722656
;22.78476905822754
;22.866100311279297
;22.94659996032715
;23.026203155517578
;23.104856491088867
;23.182512283325195
;23.25912857055664
;23.334674835205078
;23.409122467041016
;23.48244857788086
;23.55463981628418
;23.625682830810547
;23.695571899414062
;23.764299392700195
;23.831863403320312
;23.898263931274414
;23.963502883911133
;24.027584075927734
;24.090511322021484
;24.15229034423828
;24.21293067932129
;24.272436141967773
;24.33081817626953
;24.388084411621094
;24.444244384765625
;24.499311447143555
;24.55329132080078
;24.606197357177734
;24.658039093017578
;24.708829879760742
;24.758581161499023
;24.807302474975586
;24.85500717163086
;24.901708602905273
;24.947418212890625
;24.99214744567871
;25.03590965270996
;25.078718185424805
;25.120586395263672
;25.161523818969727
;25.20154571533203
;25.24066734313965
;25.278898239135742
;25.316251754760742
;25.352741241455078
;25.38838005065918
;25.423181533813477
;25.457157135009766
;25.49032211303711
;25.522686004638672
;25.554264068603516
;25.58506965637207
;25.615116119384766
;25.644412994384766
;25.6729736328125
;25.70081329345703
;25.727941513061523
;25.754371643066406
;25.780115127563477
;25.805185317993164
;25.8295955657959
;25.85335350036621
;25.876474380493164
;25.898969650268555
;25.92085075378418
;25.942129135131836
;25.962814331054688
;25.982919692993164
;26.002456665039062
;26.021434783935547
;26.039865493774414
;26.05776023864746
;26.07512664794922
;26.091978073120117
;26.108322143554688
;26.124170303344727
;26.13953399658203
;26.1544189453125
;26.168838500976562
;26.18280029296875
;26.19631576538086
;26.20939064025879
;26.222036361694336
;26.23426055908203
;26.24607276916504
;26.25748062133789
;26.26849365234375
;26.27911949157715
;26.28936767578125
;26.299243927001953
;26.30875587463379
;26.317913055419922
;26.326723098754883
;26.33519172668457
;26.343326568603516
;26.35113525390625
;26.358623504638672
;26.365798950195312
;26.372669219970703
;26.379240036010742
;26.385515213012695
;26.39150619506836
;26.397214889526367
;26.40264892578125
;26.407814025878906
;26.412715911865234
;26.417360305786133
;26.4217529296875
;26.425899505615234
;26.42980194091797
;26.433467864990234
;26.436901092529297
;26.440109252929688
;26.443096160888672
;26.445865631103516
;26.448421478271484
;26.450769424438477
;26.452913284301758
;26.454858779907227
;26.456607818603516
;26.458166122436523
;26.459535598754883
;26.460721969604492
;26.461729049682617
;26.46255874633789
;26.46321678161621
;26.46370506286621
;26.46402931213379
;26.464191436767578
;26.46419334411621
;26.464040756225586
;26.463735580444336
;26.463279724121094
;26.462675094604492
;26.46192741394043
;26.46103858947754
;26.460012435913086
;26.45884895324707
;26.45755386352539
;26.456125259399414
;26.454570770263672
;26.452890396118164
;26.451086044311523
;26.449159622192383
;26.447114944458008
;26.44495391845703
;26.442678451538086
;26.440290451049805
;26.43779182434082
;26.4351863861084
;26.43247413635254
;26.429655075073242
;26.426733016967773
;26.423709869384766
;26.42058753967285
;26.41736602783203
;26.41404914855957
;26.41063690185547
;26.40713119506836
;26.403533935546875
;26.399845123291016
;26.396068572998047
;26.39220428466797
;26.388254165649414
;26.384220123291016
;26.380102157592773
;26.375900268554688
;26.37161636352539
;26.367252349853516
;26.362808227539062
;26.358287811279297
;26.35369110107422
;26.349018096923828
;26.344268798828125
;26.339447021484375
;26.334552764892578
;26.329586029052734
;26.324548721313477
;26.319442749023438
;26.31426429748535
;26.309019088745117
;26.303707122802734
;26.29832649230957
;26.29288101196289
;26.287370681762695
;26.28179359436035
;26.276153564453125
;26.270450592041016
;26.264684677124023
;26.25885581970215
;26.252965927124023
;26.24701499938965
;26.24100685119629
;26.23493766784668
;26.228809356689453
;26.22262191772461
;26.21637725830078
;26.21007537841797
;26.203718185424805
;26.197303771972656
;26.190834045410156
;26.184309005737305
;26.1777286529541
;26.171092987060547
;26.164403915405273
;26.15766143798828
;26.15086555480957
;26.14401626586914
;26.137113571166992
;26.13016128540039
;26.12315559387207
;26.116100311279297
;26.108991622924805
;26.10183334350586
;26.09462547302246
;26.087366104125977
;26.08005714416504
;26.07269859313965
;26.065292358398438
;26.057836532592773
;26.05033302307129
;26.04277992248535
;26.035179138183594
;26.027530670166016
;26.019834518432617
;26.0120906829834
;26.004301071166992
;25.996461868286133
;25.988576889038086
;25.98064613342285
;25.97266960144043
;25.96464729309082
;25.956579208374023
;25.94846534729004
;25.940305709838867
;25.932100296020508
;25.92384910583496
;25.915552139282227
;25.90721321105957
;25.898828506469727
;25.890399932861328
;25.881927490234375
;25.873409271240234
;25.864849090576172
;25.856243133544922
;25.84759521484375
;25.838903427124023
;25.830167770385742
;25.82139015197754
;25.81256866455078
;25.80370330810547
;25.794795989990234
;25.785846710205078
;25.77685546875
;25.767820358276367
;25.758743286132812
;25.749624252319336
;25.740463256835938
;25.731260299682617
;25.722015380859375
;25.71272850036621
;25.703399658203125
;25.694028854370117
;25.68461799621582
;25.6751651763916
;25.66567039489746
;25.65613555908203
;25.64655876159668
;25.63694190979004
;25.62728500366211
;25.617586135864258
;25.607847213745117
;25.598068237304688
;25.588247299194336
;25.578388214111328
;25.5684871673584
;25.55854606628418
;25.548564910888672
;25.538543701171875
;25.52848243713379
;25.518383026123047
;25.508241653442383
;25.498062133789062
;25.487842559814453
;25.477582931518555
;25.46728515625
;25.456945419311523
;25.44656753540039
;25.4361515045166
;25.425695419311523
;25.415199279785156
;25.404664993286133
;25.394092559814453
;25.38347816467285
;25.372825622558594
;25.36213493347168
;25.35140609741211
;25.340639114379883
;25.329830169677734
;25.31898307800293
;25.30809783935547
;25.29717445373535
;25.286212921142578
;25.27521324157715
;25.264175415039062
;25.25309944152832
;25.241985321044922
;25.230833053588867
;25.219642639160156
;25.20841407775879
;25.197147369384766
;25.185842514038086
;25.17449951171875
;25.16312026977539
;25.151704788208008
;25.14025115966797
;25.128759384155273
;25.117229461669922
;25.105661392211914
;25.094057083129883
;25.082416534423828
;25.070737838745117
;25.05902099609375
;25.047266006469727
;25.035476684570312
;25.023649215698242
;25.011783599853516
;24.999881744384766
;24.987943649291992
;24.975967407226562
;24.963956832885742
;24.951908111572266
;24.939821243286133
;24.92770004272461
;24.91554069519043
;24.90334701538086
;24.891115188598633
;24.878849029541016
;24.866544723510742
;24.854206085205078
;24.841829299926758
;24.829416275024414
;24.816967010498047
;24.804481506347656
;24.791959762573242
;24.779401779174805
;24.766807556152344
;24.754179000854492
;24.741514205932617
;24.72881317138672
;24.716075897216797
;24.70330238342285
;24.690494537353516
;24.677648544311523
;24.66476821899414
;24.651851654052734
;24.638898849487305
;24.625911712646484
;24.612890243530273
;24.59983253479004
;24.58673858642578
;24.573610305786133
;24.560447692871094
;24.54724884033203
;24.534015655517578
;24.5207462310791
;24.507442474365234
;24.494104385375977
;24.480731964111328
;24.467323303222656
;24.453880310058594
;24.44040298461914
;24.426889419555664
;24.413341522216797
;24.39975929260254
;24.38614273071289
;24.37249183654785
;24.358806610107422
;24.3450870513916
;24.33133316040039
;24.31754493713379
;24.303722381591797
;24.289865493774414
;24.27597427368164
;24.262048721313477
;24.248088836669922
;24.234094619750977
;24.22006607055664
;24.206003189086914
;24.191905975341797
;24.177776336669922
;24.163612365722656
;24.1494140625
;24.135181427001953
;24.120914459228516
;24.10661506652832
;24.092281341552734
;24.07791519165039
;24.063514709472656
;24.04907989501953
;24.03461265563965
;24.020111083984375
;24.00557518005371
;23.99100685119629
;23.976404190063477
;23.961767196655273
;23.947097778320312
;23.932395935058594
;23.917659759521484
;23.902889251708984
;23.888086318969727
;23.87325096130371
;23.858381271362305
;23.84347915649414
;23.828542709350586
;23.813573837280273
;23.798572540283203
;23.783538818359375
;23.768470764160156
;23.75337028503418
;23.738237380981445
;23.72307014465332
;23.707870483398438
;23.692638397216797
;23.677371978759766
;23.662073135375977
;23.64674186706543
;23.631378173828125
;23.615982055664062
;23.60055160522461
;23.58509063720703
;23.569595336914062
;23.554067611694336
;23.53850746154785
;23.52291488647461
;23.50728988647461
;23.491634368896484
;23.47594451904297
;23.460224151611328
;23.444469451904297
;23.42868423461914
;23.412864685058594
;23.397014617919922
;23.38113021850586
;23.365215301513672
;23.349267959594727
;23.333288192749023
;23.317276000976562
;23.301231384277344
;23.28515625
;23.269046783447266
;23.252906799316406
;23.23673439025879
;23.220529556274414
;23.20429229736328
;23.18802261352539
;23.171722412109375
;23.15538787841797
;23.139022827148438
;23.12262535095215
;23.1061954498291
;23.08973503112793
;23.073240280151367
;23.05671501159668
;23.040157318115234
;23.02356719970703
;23.006946563720703
;22.990291595458984
;22.97360610961914
;22.956890106201172
;22.940139770507812
;22.923358917236328
;22.90654754638672
;22.88970375061035
;22.872827529907227
;22.855920791625977
;22.83898162841797
;22.822010040283203
;22.805007934570312
;22.787975311279297
;22.77090835571289
;22.75381088256836
;22.736682891845703
;22.719520568847656
;22.702327728271484
;22.685104370117188
;22.667848587036133
;22.65056037902832
;22.633241653442383
;22.615890502929688
;22.598506927490234
;22.581092834472656
;22.563648223876953
;22.54616928100586
;22.52865982055664
;22.511119842529297
;22.493545532226562
;22.475940704345703
;22.45830535888672
;22.440637588500977
;22.422937393188477
;22.40520668029785
;22.38744354248047
;22.369647979736328
;22.351821899414062
;22.33396339416504
;22.316072463989258
;22.29815101623535
;22.280197143554688
;22.262210845947266
;22.24419403076172
;22.22614288330078
;22.20806121826172
;22.18994903564453
;22.171804428100586
;22.153627395629883
;22.135419845581055
;22.11717987060547
;22.098907470703125
;22.080604553222656
;22.06226921081543
;22.043901443481445
;22.025503158569336
;22.0070743560791
;21.988611221313477
;21.970117568969727
;21.95159149169922
;21.933032989501953
;21.914443969726562
;21.89582061767578
;21.877166748046875
;21.858478546142578
;21.839759826660156
;21.821008682250977
;21.80222511291504
;21.783411026000977
;21.764562606811523
;21.745683670043945
;21.72677230834961
;21.707828521728516
;21.688852310180664
;21.669843673706055
;21.65080451965332
;21.631731033325195
;21.612627029418945
;21.593488693237305
;21.57431983947754
;21.555118560791016
;21.535884857177734
;21.516618728637695
;21.4973201751709
;21.477989196777344
;21.45862579345703
;21.439228057861328
;21.419797897338867
;21.40033531188965
;21.380840301513672
;21.361312866210938
;21.341753005981445
;21.322160720825195
;21.302534103393555
;21.282875061035156
;21.26318359375
;21.243459701538086
;21.22370147705078
;21.20391082763672
;21.1840877532959
;21.16423225402832
;21.14434242248535
;21.124418258666992
;21.104463577270508
;21.084474563598633
;21.064451217651367
;21.044395446777344
;21.024307250976562
;21.00418472290039
;20.98402976989746
;20.96384048461914
;20.943618774414062
;20.923362731933594
;20.903072357177734
;20.882747650146484
;20.862390518188477
;20.841999053955078
;20.821575164794922
;20.801116943359375
;20.780624389648438
;20.76009750366211
;20.73953628540039
;20.71894073486328
;20.698312759399414
;20.677650451660156
;20.656953811645508
;20.63622283935547
;20.61545753479004
;20.59465789794922
;20.573823928833008
;20.552955627441406
;20.532052993774414
;20.5111141204834
;20.490140914916992
;20.469133377075195
;20.448091506958008
;20.427013397216797
;20.405900955200195
;20.384754180908203
;20.36357307434082
;20.342355728149414
;20.321104049682617
;20.299816131591797
;20.278493881225586
;20.257137298583984
;20.23574447631836
;20.21431541442871
;20.192852020263672
;20.17135238647461
;20.149816513061523
;20.128244400024414
;20.10663604736328
;20.084991455078125
;20.063310623168945
;20.041593551635742
;20.019840240478516
;19.998050689697266
;19.976224899291992
;19.954360961914062
;19.932462692260742
;19.910526275634766
;19.888553619384766
;19.866544723510742
;19.844497680664062
;19.822412490844727
;19.80029296875
;19.778135299682617
;19.755939483642578
;19.73370933532715
;19.711441040039062
;19.68913459777832
;19.666790008544922
;19.644407272338867
;19.62198829650879
;19.599533081054688
;19.57703971862793
;19.554508209228516
;19.531938552856445
;19.509326934814453
;19.48668098449707
;19.463993072509766
;19.441267013549805
;19.418502807617188
;19.395700454711914
;19.372859954833984
;19.3499813079834
;19.327064514160156
;19.304105758666992
;19.281108856201172
;19.258073806762695
;19.235000610351562
;19.211885452270508
;19.188732147216797
;19.16554069519043
;19.142309188842773
;19.119037628173828
;19.095727920532227
;19.072378158569336
;19.048988342285156
;19.025558471679688
;19.00208854675293
;18.978578567504883
;18.955028533935547
;18.93143653869629
;18.907804489135742
;18.884132385253906
;18.86041831970215
;18.83666229248047
;18.8128662109375
;18.78902816772461
;18.76515007019043
;18.741230010986328
;18.717266082763672
;18.693260192871094
;18.669212341308594
;18.645122528076172
;18.620990753173828
;18.596817016601562
;18.572601318359375
;18.548343658447266
;18.5240421295166
;18.499698638916016
;18.475313186645508
;18.450883865356445
;18.42641258239746
;18.401899337768555
;18.377342224121094
;18.352741241455078
;18.32809829711914
;18.30341148376465
;18.2786808013916
;18.25390625
;18.229087829589844
;18.2042236328125
;18.179317474365234
;18.15436553955078
;18.12936782836914
;18.104324340820312
;18.07923698425293
;18.054105758666992
;18.028928756713867
;18.003705978393555
;17.978437423706055
;17.953123092651367
;17.927762985229492
;17.90235710144043
;17.87690544128418
;17.851408004760742
;17.825864791870117
;17.800275802612305
;17.774641036987305
;17.748960494995117
;17.723230361938477
;17.69745445251465
;17.671630859375
;17.64575958251953
;17.619842529296875
;17.593875885009766
;17.567861557006836
;17.541799545288086
;17.515687942504883
;17.48952865600586
;17.463319778442383
;17.437063217163086
;17.410757064819336
;17.384401321411133
;17.357995986938477
;17.331541061401367
;17.305036544799805
;17.27848243713379
;17.25187873840332
;17.225223541259766
;17.198518753051758
;17.171762466430664
;17.144954681396484
;17.11809730529785
;17.091190338134766
;17.064231872558594
;17.037221908569336
;17.010160446166992
;16.983047485351562
;16.955881118774414
;16.928661346435547
;16.901391983032227
;16.874069213867188
;16.84669303894043
;16.819265365600586
;16.791786193847656
;16.764253616333008
;16.73666763305664
;16.709028244018555
;16.68133544921875
;16.653587341308594
;16.625783920288086
;16.59792709350586
;16.570016860961914
;16.542049407958984
;16.514028549194336
;16.485950469970703
;16.45781898498535
;16.429630279541016
;16.401386260986328
;16.37308692932129
;16.344730377197266
;16.31631851196289
;16.28784942626953
;16.259323120117188
;16.23073959350586
;16.202098846435547
;16.173398971557617
;16.144641876220703
;16.115825653076172
;16.086952209472656
;16.058019638061523
;16.029027938842773
;15.999979019165039
;15.970870971679688
;15.941703796386719
;15.912477493286133
;15.88319206237793
;15.853845596313477
;15.824440002441406
;15.794973373413086
;15.765445709228516
;15.735857009887695
;15.706207275390625
;15.676496505737305
;15.646723747253418
;15.616888999938965
;15.586991310119629
;15.557031631469727
;15.527009010314941
;15.49692440032959
;15.466775894165039
;15.436564445495605
;15.406288146972656
;15.375947952270508
;15.34554386138916
;15.315074920654297
;15.284540176391602
;15.253941535949707
;15.223276138305664
;15.192545890808105
;15.161748886108398
;15.130887985229492
;15.099957466125488
;15.068961143493652
;15.037897109985352
;15.006767272949219
;14.975573539733887
;14.944310188293457
;14.91297721862793
;14.881575584411621
;14.85010814666748
;14.818571090698242
;14.786965370178223
;14.755290985107422
;14.723546028137207
;14.691731452941895
;14.6598482131958
;14.627893447875977
;14.595868110656738
;14.563772201538086
;14.531603813171387
;14.499363899230957
;14.467052459716797
;14.43466854095459
;14.40221118927002
;14.369680404663086
;14.337076187133789
;14.304397583007812
;14.271645545959473
;14.238819122314453
;14.205918312072754
;14.172942161560059
;14.13988971710205
;14.106762886047363
;14.073559761047363
;14.04028034210205
;14.006924629211426
;13.973490715026855
;13.939979553222656
;13.906391143798828
;13.872725486755371
;13.838981628417969
;13.805158615112305
;13.771256446838379
;13.737275123596191
;13.703214645385742
;13.669074058532715
;13.63485336303711
;13.600550651550293
;13.566167831420898
;13.531702995300293
;13.497157096862793
;13.462529182434082
;13.42781925201416
;13.393026351928711
;13.358150482177734
;13.323190689086914
;13.28814697265625
;13.253019332885742
;13.21780776977539
;13.182510375976562
;13.147128105163574
;13.11166000366211
;13.076106071472168
;13.040464401245117
;13.00473690032959
;12.968921661376953
;12.93301773071289
;12.897025108337402
;12.860944747924805
;12.824774742126465
;12.788515090942383
;12.752164840698242
;12.71572494506836
;12.679193496704102
;12.642570495605469
;12.605855941772461
;12.569048881530762
;12.532149314880371
;12.495156288146973
;12.458070755004883
;12.420891761779785
;12.383617401123047
;12.3462495803833
;12.308786392211914
;12.271227836608887
;12.233573913574219
;12.19582462310791
;12.157979011535645
;12.120036125183105
;12.081995964050293
;12.043858528137207
;12.005623817443848
;11.967289924621582
;11.92885684967041
;11.890324592590332
;11.851691246032715
;11.812956809997559
;11.774121284484863
;11.735183715820312
;11.696145057678223
;11.657003402709961
;11.617758750915527
;11.578410148620605
;11.538957595825195
;11.49940013885498
;11.459736824035645
;11.419968605041504
;11.380093574523926
;11.34011173248291
;11.300023078918457
;11.25982666015625
;11.219521522521973
;11.179107666015625
;11.138585090637207
;11.097951889038086
;11.057208061218262
;11.016353607177734
;10.975387573242188
;10.934309959411621
;10.893120765686035
;10.851819038391113
;10.810404777526855
;10.768876075744629
;10.727232933044434
;10.685474395751953
;10.643599510192871
;10.601608276367188
;10.559499740600586
;10.517274856567383
;10.474932670593262
;10.432470321655273
;10.38988971710205
;10.347187995910645
;10.304366111755371
;10.26142406463623
;10.218361854553223
;10.175177574157715
;10.131871223449707
;10.088440895080566
;10.04488754272461
;10.00121021270752
;9.95740795135498
;9.913480758666992
;9.869427680969238
;9.825247764587402
;9.780941009521484
;9.736506462097168
;9.691943168640137
;9.647250175476074
;9.60242748260498
;9.557475090026855
;9.512391090393066
;9.467175483703613
;9.42182731628418
;9.37634563446045
;9.330730438232422
;9.284980773925781
;9.239096641540527
;9.193076133728027
;9.146920204162598
;9.100626945495605
;9.054195404052734
;9.007625579833984
;8.960916519165039
;8.914067268371582
;8.867076873779297
;8.819947242736816
;8.772674560546875
;8.725259780883789
;8.677701950073242
;8.630000114440918
;8.582154273986816
;8.534163475036621
;8.486027717590332
;8.437746047973633
;8.389317512512207
;8.340741157531738
;8.29201602935791
;8.243141174316406
;8.19411563873291
;8.144940376281738
;8.095613479614258
;8.046133995056152
;7.99650239944458
;7.94671630859375
;7.89677619934082
;7.846680164337158
;7.7964277267456055
;7.746018886566162
;7.6954522132873535
;7.644726753234863
;7.593842506408691
;7.54279899597168
;7.491595268249512
;7.440230846405029
;7.388704299926758
;7.337015628814697
;7.285163402557373
;7.233147621154785
;7.180966854095459
;7.1286211013793945
;7.076108455657959
;7.023428440093994
;6.970580577850342
;6.917564392089844
;6.864378452301025
;6.8110222816467285
;6.7574944496154785
;6.703794956207275
;6.649922847747803
;6.595877170562744
;6.541656970977783
;6.487261772155762
;6.432690620422363
;6.3779425621032715
;6.323017120361328
;6.267912864685059
;6.212629795074463
;6.157166957855225
;6.101523399353027
;6.045698642730713
;5.989691257476807
;5.93350076675415
;5.877126693725586
;5.820568561553955
;5.7638258934021
;5.706898212432861
;5.649784564971924
;5.592483997344971
;5.534995079040527
;5.4773173332214355
;5.419450283050537
;5.361392974853516
;5.30314302444458
;5.2447004318237305
;5.186064720153809
;5.127233982086182
;5.068207740783691
;5.008985996246338
;4.949567794799805
;4.889951705932617
;4.830137252807617
;4.7701239585876465
;4.7099103927612305
;4.6494975090026855
;4.588883399963379
;4.528067588806152
;4.467049598693848
;4.405828952789307
;4.344404220581055
;4.282774925231934
;4.220939636230469
;4.15889835357666
;4.096649646759033
;4.03419303894043
;3.9715280532836914
;3.9086532592773438
;3.8455684185028076
;3.7822723388671875
;3.718764305114746
;3.655043840408325
;3.5911099910736084
;3.5269620418548584
;3.462599039077759
;3.3980205059051514
;3.3332254886627197
;3.2682132720947266
;3.2029831409454346
;3.1375341415405273
;3.0718657970428467
;3.005976915359497
;2.939866781234741
;2.87353515625
;2.806980609893799
;2.7402029037475586
;2.673201084136963
;2.6059746742248535
;2.538522481918335
;2.470844030380249
;2.4029386043548584
;2.3348052501678467
;2.2664434909820557
;2.19785213470459
;2.129030704498291
;2.0599782466888428
;1.990694284439087
;1.921177864074707
;1.8514282703399658
;1.7814446687698364
;1.711226224899292
;1.6407723426818848
;1.5700820684432983
;1.4991546869277954
;1.4279892444610596
;1.356585144996643
;1.284941554069519
;1.2130577564239502
;1.1409326791763306
;1.0685657262802124
;0.9959566593170166
;0.9231040477752686
;0.8500073552131653
;0.7766656875610352
;0.7030777931213379
;0.6292431354522705
;0.555160641670227
;0.48082995414733887
;0.40624934434890747
;0.33141908049583435
;0.25633811950683594
;0.18100476264953613
;0.10541842132806778
;0.02957773581147194
;-0.04651860147714615
;-0.12287092208862305
;-0.19948060810565948
;-0.2763480842113495
;-0.35347485542297363
;-0.43086203932762146
;-0.5085113644599915
;-0.5864230990409851
;-0.6645980477333069
;-0.7430384159088135
;-0.8217448592185974
;-0.9007182717323303
;-0.9799607396125793
;-1.059472918510437
;-1.1392561197280884
;-1.2193118333816528
;-1.299641489982605
;-1.380246639251709
;-1.4611287117004395
;-1.5422890186309814
;-1.6237293481826782
;-1.705451250076294
;-1.7874565124511719
;-1.8697468042373657
;-1.9523239135742188
;-2.035189390182495
;-2.118345260620117
;-2.2017934322357178
;-2.2855358123779297
;-2.369575262069702
;-2.4539129734039307
;-2.538550853729248
;-2.6234912872314453
;-2.7087368965148926
;-2.7942893505096436
;-2.8801512718200684
;-2.966324806213379
;-3.0528125762939453
;-3.1396172046661377
;-3.226740598678589
;-3.314185619354248
;-3.4019548892974854
;-3.490051031112671
;-3.578476905822754
;-3.6672353744506836
;-3.756329298019409
;-3.84576153755188
;-3.935535430908203
;-4.025653839111328
;-4.116120338439941
;-4.20693826675415
;-4.298110485076904
;-4.389640808105469
;-4.481532573699951
;-4.573789596557617
;-4.666415214538574
;-4.759413719177246
;-4.85278844833374
;-4.9465436935424805
;-5.040683269500732
;-5.135211944580078
;-5.230132579803467
;-5.325450897216797
;-5.421170234680176
;-5.517295837402344
;-5.613831996917725
;-5.7107834815979
;-5.808155059814453
;-5.905951499938965
;-6.004178047180176
;-6.102839946746826
;-6.201941967010498
;-6.30148983001709
;-6.4014892578125
;-6.5019450187683105
;-6.602863788604736
;-6.704250812530518
;-6.806112289428711
;-6.908454418182373
;-7.011282920837402
;-7.114604949951172
;-7.218426704406738
;-7.322754383087158
;-7.427595138549805
;-7.532956123352051
;-7.638844013214111
;-7.745266437530518
;-7.852230548858643
;-7.959743022918701
;-8.0678129196167
;-8.176446914672852
;-8.285653114318848
;-8.395441055297852
;-8.505817413330078
;-8.616791725158691
;-8.728371620178223
;-8.840566635131836
;-8.953385353088379
;-9.066837310791016
;-9.180930137634277
;-9.295674324035645
;-9.411079406738281
;-9.527153968811035
;-9.643909454345703
;-9.761354446411133
;-9.879498481750488
;-9.998353004455566
;-10.117927551269531
;-10.238232612609863
;-10.359278678894043
;-10.481077194213867
;-10.603638648986816
;-10.726973533630371
;-10.851093292236328
;-10.976007461547852
;-11.101729393005371
;-11.228267669677734
;-11.355635643005371
;-11.483841896057129
;-11.612899780273438
;-11.742820739746094
;-11.873616218566895
;-12.00529670715332
;-12.137872695922852
;-12.271355628967285
;-12.405756950378418
;-12.541088104248047
;-12.677361488342285
;-12.814586639404297
;-12.952775955200195
;-13.091940879821777
;-13.23209285736084
;-13.373241424560547
;-13.515400886535645
;-13.658581733703613
;-13.802796363830566
;-13.948054313659668
;-14.094367027282715
;-14.24174690246582
;-14.390203475952148
;-14.539748191833496
;-14.69039249420166
;-14.842146873474121
;-14.99502182006836
;-15.149026870727539
;-15.304173469543457
;-15.460472106933594
;-15.617932319641113
;-15.776564598083496
;-15.936378479003906
;-16.097383499145508
;-16.25959014892578
;-16.42300796508789
;-16.587648391723633
;-16.75351905822754
;-16.92062759399414
;-17.088985443115234
;-17.258602142333984
;-17.42948341369629
;-17.601638793945312
;-17.775075912475586
;-17.94980239868164
;-18.125825881958008
;-18.30315399169922
;-18.481794357299805
;-18.661752700805664
;-18.843034744262695
;-19.025650024414062
;-19.20960235595703
;-19.3948974609375
;-19.581541061401367
;-19.7695369720459
;-19.958892822265625
;-20.149614334106445
;-20.341703414916992
;-20.535165786743164
;-20.730003356933594
;-20.92622184753418
;-21.123823165893555
;-21.322813034057617
;-21.523191452026367
;-21.724964141845703
;-21.92813491821289
;-22.132705688476562
;-22.33867645263672
;-22.546051025390625
;-22.754833221435547
;-22.96502113342285
;-23.176616668701172
;-23.389619827270508
;-23.604034423828125
;-23.81985855102539
;-24.037092208862305
;-24.2557373046875
;-24.475793838500977
;-24.697261810302734
;-24.920141220092773
;-25.144432067871094
;-25.370134353637695
;-25.597248077392578
;-25.825773239135742
;-26.055706024169922
;-26.287050247192383
;-26.519805908203125
;-26.75397300720215
;-26.989551544189453
;-27.226543426513672
;-27.464946746826172
;-27.704763412475586
;-27.94599151611328
;-28.188631057739258
;-28.43268585205078
;-28.67815399169922
;-28.925039291381836
;-29.173341751098633
;-29.423065185546875
;-29.674211502075195
;-29.926780700683594
;-30.180776596069336
;-30.436201095581055
;-30.693058013916016
;-30.951353073120117
;-31.211090087890625
;-31.472274780273438
;-31.734914779663086
;-31.999011993408203
;-32.26457595825195
;-32.531612396240234
;-32.80012893676758
;-33.070133209228516
;-33.341636657714844
;-33.614646911621094
;-33.88917541503906
;-34.16522979736328
;-34.44282150268555
;-34.72196578979492
;-35.00267028808594
;-35.284950256347656
;-35.56882095336914
;-35.85429763793945
;-36.14139175415039
;-36.430118560791016
;-36.720497131347656
;-37.012542724609375
;-37.306270599365234
;-37.6016960144043
;-37.89884567260742
;-38.19773483276367
;-38.49838638305664
;-38.80082321166992
;-39.105064392089844
;-39.4111442565918
;-39.719085693359375
;-40.02891159057617
;-40.340667724609375
;-40.654380798339844
;-40.970088958740234
;-41.28783416748047
;-41.60765838623047
;-41.92960739135742
;-42.25372314453125
;-42.58005905151367
;-42.90866470336914
;-43.23958969116211
;-43.57289123535156
;-43.90861892700195
;-44.246822357177734
;-44.58755874633789
;-44.930885314941406
;-45.276851654052734
;-45.62550735473633
;-45.97690963745117
;-46.33110809326172
;-46.68815612792969
;-47.04810333251953
;-47.4109992980957
;-47.776893615722656
;-48.14583206176758
;-48.517852783203125
;-48.89299774169922
;-49.271305084228516
;-49.65281677246094
;-50.037559509277344
;-50.425559997558594
;-50.816837310791016
;-51.21141052246094
;-51.60928726196289
;-52.010475158691406
;-52.41496658325195
;-52.822750091552734
;-53.23380661010742
;-53.648109436035156
;-54.06561279296875
;-54.486270904541016
;-54.9100227355957
;-55.336788177490234
;-55.7664794921875
;-56.198997497558594
;-56.63422775268555
;-57.0720329284668
;-57.512271881103516
;-57.95477294921875
;-58.399356842041016
;-58.8458251953125
;-59.293968200683594
;-59.74354553222656
;-60.194313049316406
;-60.645999908447266
;-61.098323822021484
;-61.55099105834961
;-62.003684997558594
;-62.456077575683594
;-62.907833099365234
;-63.35859680175781
;-63.808013916015625
;-64.25572204589844
;-64.70133972167969
;-65.14450073242188
;-65.58483123779297
;-66.02194213867188
;-66.45547485351562
;-66.88506317138672
;-67.31034851074219
;-67.73098754882812
;-68.1466293334961
;-68.55696105957031
;-68.96167755126953
;-69.3604965209961
;-69.75313568115234
;-70.13934326171875
;-70.51889038085938
;-70.89157104492188
;-71.25719451904297
;-71.61559295654297
;-71.96662139892578
;-72.31016540527344
;-72.6461181640625
;-72.97439575195312
;-73.29495239257812
;-73.60773468017578
;-73.91273498535156
;-74.20995330810547
;-74.4994125366211
;-74.78113555908203
;-75.05517578125
;-75.32159423828125
;-75.58047485351562
;-75.83190155029297
;-76.07597351074219
;-76.31280517578125
;-76.54251098632812
;-76.76522064208984
;-76.98106384277344
;-77.19017791748047
;-77.39270782470703
;-77.58880615234375
;-77.77861785888672
;-77.96229553222656
;-78.13999938964844
;-78.31188201904297
;-78.47810363769531
;-78.63880920410156
;-78.7941665649414
;-78.94432830810547
;-79.08944702148438
;-79.22966003417969
;-79.36512756347656
;-79.49600219726562
;-79.6224136352539
;-79.7445068359375
;-79.8624267578125
;-79.97630310058594
;-80.08627319335938
;-80.19245910644531
;-80.29498291015625
;-80.39398193359375
;-80.48956298828125
;-80.58184814453125
;-80.67095184326172
;-80.75698852539062
;-80.84005737304688
;-80.92025756835938
;-80.9977035522461
;-81.07247924804688
;-81.1446762084961
;-81.21439361572266
;-81.28172302246094
;-81.34674072265625
;-81.4095230102539
;-81.47015380859375
;-81.52871704101562
;-81.58528137207031
;-81.63990783691406
;-81.69268035888672
;-81.74365997314453
;-81.79290771484375
;-81.84048461914062
;-81.88645935058594
;-81.9308853149414
;-81.97382354736328
;-82.01531982421875
;-82.05542755126953
;-82.09420776367188
;-82.1316909790039
;-82.16793823242188
;-82.20299530029297
;-82.23690795898438
;-82.26970672607422
;-82.30143737792969
;-82.33214569091797
;-82.36185455322266
;-82.39060974121094
;-82.41844177246094
;-82.44538116455078
;-82.4714584350586
;-82.49671173095703
;-82.52117156982422
;-82.54486083984375
;-82.56781005859375
;-82.59004974365234
;-82.61161041259766
;-82.63250732421875
;-82.65277099609375
;-82.67242431640625
;-82.69149017333984
;-82.70999908447266
;-82.72795867919922
;-82.74539184570312
;-82.7623291015625
;-82.77877807617188
;-82.79474639892578
;-82.81025695800781
;-82.82533264160156
;-82.83998107910156
;-82.8542251586914
;-82.86807250976562
;-82.88154602050781
;-82.8946533203125
;-82.90741729736328
;-82.91984558105469
;-82.93194580078125
;-82.94374084472656
;-82.95523071289062
;-82.9664306640625
;-82.97734832763672
;-82.98800659179688
;-82.9984130859375
;-83.00856018066406
;-83.01847839355469
;-83.02816772460938
;-83.03762817382812
;-83.04688262939453
;-83.05592346191406
;-83.06476593017578
;-83.07341003417969
;-83.08186340332031
;-83.09014129638672
;-83.0982437133789
;-83.1061782836914
;-83.11395263671875
;-83.12157440185547
;-83.12904357910156
;-83.1363754272461
;-83.14356231689453
;-83.15061950683594
;-83.15754699707031
;-83.16435241699219
;-83.1710433959961
;-83.17761993408203
;-83.18408966064453
;-83.19044494628906
;-83.19670104980469
;-83.2028579711914
;-83.20892333984375
;-83.21489715576172
;-83.22077941894531
;-83.22657012939453
;-83.2322769165039
;-83.23789978027344
;-83.24344635009766
;-83.24891662597656
;-83.25431060791016
;-83.25963592529297
;-83.264892578125
;-83.27008056640625
;-83.27520751953125
;-83.2802734375
;-83.28528594970703
;-83.29024505615234
;-83.2951431274414
;-83.29999542236328
;-83.30479431152344
;-83.3095474243164
;-83.31425476074219
;-83.31890869140625
;-83.32351684570312
;-83.32807922363281
;-83.33259582519531
;-83.33707427978516
;-83.34150695800781
;-83.34590911865234
;-83.35026550292969
;-83.3545913696289
;-83.35887145996094
;-83.36312103271484
;-83.36734008789062
;-83.37152862548828
;-83.37568664550781
;-83.37981414794922
;-83.3839111328125
;-83.38799285888672
;-83.39204406738281
;-83.39607238769531
;-83.40007781982422
;-83.40406036376953
;-83.40802001953125
;-83.4119644165039
;-83.41588592529297
;-83.41978454589844
;-83.42366790771484
;-83.42752838134766
;-83.43136596679688
;-83.43518829345703
;-83.4389877319336
;-83.44276428222656
;-83.44652557373047
;-83.45026397705078
;-83.45398712158203
;-83.45769500732422
;-83.46138000488281
;-83.46504974365234
;-83.46870422363281
;-83.47234344482422
;-83.4759750366211
;-83.4795913696289
;-83.48319244384766
;-83.48677825927734
;-83.4903564453125
;-83.4939193725586
;-83.49746704101562
;-83.50100708007812
;-83.50453186035156
;-83.508056640625
;-83.51156616210938
;-83.51506805419922
;-83.5185546875
;-83.52203369140625
;-83.52549743652344
;-83.5289535522461
;-83.53239440917969
;-83.53582763671875
;-83.53924560546875
;-83.54264831542969
;-83.5460433959961
;-83.54943084716797
;-83.55280303955078
;-83.5561752319336
;-83.55953216552734
;-83.56288146972656
;-83.56622314453125
;-83.5695571899414
;-83.57288360595703
;-83.57620239257812
;-83.57951354980469
;-83.58280944824219
;-83.58610534667969
;-83.58938598632812
;-83.59266662597656
;-83.595947265625
;-83.5992202758789
;-83.60248565673828
;-83.60575103759766
;-83.60900115966797
;-83.61224365234375
;-83.615478515625
;-83.61871337890625
;-83.62193298339844
;-83.6251449584961
;-83.62834930419922
;-83.63154602050781
;-83.63473510742188
;-83.6379165649414
;-83.6410903930664
;-83.64425659179688
;-83.64741516113281
;-83.65057373046875
;-83.65371704101562
;-83.6568603515625
;-83.66000366210938
;-83.66313171386719
;-83.666259765625
;-83.66938781738281
;-83.6725082397461
;-83.67562103271484
;-83.6787338256836
;-83.68184661865234
;-83.68494415283203
;-83.68804168701172
;-83.69112396240234
;-83.69419860839844
;-83.697265625
;-83.70032501220703
;-83.70337677001953
;-83.7064208984375
;-83.70945739746094
;-83.71248626708984
;-83.71550750732422
;-83.71852111816406
;-83.72152709960938
;-83.72453308105469
;-83.72753143310547
;-83.73052215576172
;-83.73351287841797
;-83.73649597167969
;-83.73947143554688
;-83.74244689941406
;-83.74542236328125
;-83.74838256835938
;-83.7513427734375
;-83.75430297851562
;-83.75726318359375
;-83.76021575927734
;-83.7631607055664
;-83.76610565185547
;-83.76905059814453
;-83.7719955444336
;-83.7749252319336
;-83.7778549194336
;-83.7807846069336
;-83.7837142944336
;-83.78662872314453
;-83.78953552246094
;-83.79243469238281
;-83.79533386230469
;-83.7982177734375
;-83.80110168457031
;-83.8039779663086
;-83.80684661865234
;-83.8097152709961
;-83.81256866455078
;-83.81542205810547
;-83.81826782226562
;-83.82110595703125
;-83.82394409179688
;-83.82677459716797
;-83.82959747314453
;-83.8324203491211
;-83.83524322509766
;-83.83805847167969
;-83.84086608886719
;-83.84367370605469
;-83.84648132324219
;-83.84927368164062
;-83.85206604003906
;-83.8548583984375
;-83.8576431274414
;-83.86042022705078
;-83.86319732666016
;-83.86595916748047
;-83.86872100830078
;-83.87146759033203
;-83.87420654296875
;-83.87693786621094
;-83.8796615600586
;-83.88238525390625
;-83.88510131835938
;-83.8878173828125
;-83.8905258178711
;-83.89323425292969
;-83.89593505859375
;-83.89863586425781
;-83.90132141113281
;-83.90400695800781
;-83.90669250488281
;-83.90936279296875
;-83.91203308105469
;-83.91470336914062
;-83.9173583984375
;-83.92001342773438
;-83.92266845703125
;-83.92532348632812
;-83.92797088623047
;-83.93061065673828
;-83.9332504272461
;-83.9358901977539
;-83.93852996826172
;-83.941162109375
;-83.94378662109375
;-83.9464111328125
;-83.94903564453125
;-83.95166015625
;-83.95427703857422
;-83.9568862915039
;-83.9594955444336
;-83.96210479736328
;-83.96471405029297
;-83.96732330322266
;-83.96992492675781
;-83.97251892089844
;-83.97511291503906
;-83.97770690917969
;-83.98029327392578
;-83.98287200927734
;-83.9854507446289
;-83.9880142211914
;-83.9905776977539
;-83.99313354492188
;-83.99568176269531
;-83.99822998046875
;-84.00076293945312
;-84.0032958984375
;-84.00582122802734
;-84.00833892822266
;-84.01085662841797
;-84.01336669921875
;-84.015869140625
;-84.01837158203125
;-84.0208740234375
;-84.02336883544922
;-84.0258560180664
;-84.0283432006836
;-84.03083038330078
;-84.03330993652344
;-84.03578186035156
;-84.03825378417969
;-84.04072570800781
;-84.04319763183594
;-84.04566955566406
;-84.04813385009766
;-84.05059051513672
;-84.05304718017578
;-84.05550384521484
;-84.0579605102539
;-84.06041717529297
;-84.0628662109375
;-84.0653076171875
;-84.06774139404297
;-84.0701675415039
;-84.07259368896484
;-84.07500457763672
;-84.0774154663086
;-84.07981872558594
;-84.08221435546875
;-84.08460998535156
;-84.08699035644531
;-84.08937072753906
;-84.09173583984375
;-84.09410095214844
;-84.09646606445312
;-84.09881591796875
;-84.10116577148438
;-84.103515625
;-84.10585021972656
;-84.10818481445312
;-84.11051940917969
;-84.11283874511719
;-84.11515808105469
;-84.11747741699219
;-84.11979675292969
;-84.12210083007812
;-84.12440490722656
;-84.126708984375
;-84.12901306152344
;-84.13130950927734
;-84.13359832763672
;-84.1358871459961
;-84.13817596435547
;-84.14046478271484
;-84.14274597167969
;-84.14501953125
;-84.14729309082031
;-84.14956665039062
;-84.15182495117188
;-84.15408325195312
;-84.15633392333984
;-84.15857696533203
;-84.16081237792969
;-84.16304016113281
;-84.1652603149414
;-84.16747283935547
;-84.16968536376953
;-84.17188262939453
;-84.17407989501953
;-84.17626190185547
;-84.1784439086914
;-84.18062591552734
;-84.18279266357422
;-84.1849594116211
;-84.18711853027344
;-84.18927001953125
;-84.19142150878906
;-84.19357299804688
;-84.19570922851562
;-84.19784545898438
;-84.19998168945312
;-84.20211029052734
;-84.20423126220703
;-84.20635223388672
;-84.2084732055664
;-84.2105941772461
;-84.21269989013672
;-84.21480560302734
;-84.21691131591797
;-84.2190170288086
;-84.22112274169922
;-84.22321319580078
;-84.22530364990234
;-84.2273941040039
;-84.22948455810547
;-84.23157501220703
;-84.2336654663086
;-84.23575592041016
;-84.23783111572266
;-84.23989868164062
;-84.24195861816406
;-84.2440185546875
;-84.24606323242188
;-84.24810791015625
;-84.25015258789062
;-84.252197265625
;-84.25423431396484
;-84.25626373291016
;-84.25829315185547
;-84.26032257080078
;-84.2623519897461
;-84.26436614990234
;-84.2663803100586
;-84.26837921142578
;-84.27037811279297
;-84.27236938476562
;-84.27435302734375
;-84.27633666992188
;-84.2783203125
;-84.2802963256836
;-84.28226470947266
;-84.28423309326172
;-84.28620147705078
;-84.28815460205078
;-84.29010772705078
;-84.29206085205078
;-84.29399871826172
;-84.29593658447266
;-84.2978744506836
;-84.29981231689453
;-84.3017349243164
;-84.30365753173828
;-84.30558013916016
;-84.30750274658203
;-84.30941772460938
;-84.31132507324219
;-84.313232421875
;-84.31513977050781
;-84.31704711914062
;-84.31895446777344
;-84.32084655761719
;-84.32273864746094
;-84.32463073730469
;-84.32652282714844
;-84.32841491699219
;-84.33030700683594
;-84.33219909667969
;-84.3340835571289
;-84.3359603881836
;-84.33783721923828
;-84.33971405029297
;-84.34159088134766
;-84.34346771240234
;-84.34534454345703
;-84.34720611572266
;-84.34906768798828
;-84.3509292602539
;-84.352783203125
;-84.35462951660156
;-84.35647583007812
;-84.35832214355469
;-84.36016845703125
;-84.36200714111328
;-84.36383819580078
;-84.36566925048828
;-84.36748504638672
;-84.36930084228516
;-84.37110137939453
;-84.3729019165039
;-84.37469482421875
;-84.37648010253906
;-84.37826538085938
;-84.38004302978516
;-84.3818130493164
;-84.38358306884766
;-84.38534545898438
;-84.38710021972656
;-84.38885498046875
;-84.39060974121094
;-84.39234924316406
;-84.39408874511719
;-84.39582824707031
;-84.3975601196289
;-84.39928436279297
;-84.40100860595703
;-84.4027328491211
;-84.40445709228516
;-84.40616607666016
;-84.40787506103516
;-84.40958404541016
;-84.41129302978516
;-84.41300201416016
;-84.41470336914062
;-84.41639709472656
;-84.4180908203125
;-84.41978454589844
;-84.42147827148438
;-84.42317199707031
;-84.42486572265625
;-84.42654418945312
;-84.42822265625
;-84.42990112304688
;-84.43157958984375
;-84.43325805664062
;-84.4349365234375
;-84.43661499023438
;-84.43827819824219
;-84.43994140625
;-84.44160461425781
;-84.4432601928711
;-84.44490814208984
;-84.4465560913086
;-84.44819641113281
;-84.4498291015625
;-84.45145416259766
;-84.45307159423828
;-84.4546890258789
;-84.45629119873047
;-84.45789337158203
;-84.45948028564453
;-84.46106719970703
;-84.462646484375
;-84.4642333984375
;-84.46580505371094
;-84.4673843383789
;-84.46895599365234
;-84.47052764892578
;-84.47209930419922
;-84.4736557006836
;-84.47521209716797
;-84.47676849365234
;-84.47830963134766
;-84.47985076904297
;-84.48139190673828
;-84.48292541503906
;-84.48445129394531
;-84.48597717285156
;-84.48750305175781
;-84.48902893066406
;-84.49053955078125
;-84.49205017089844
;-84.49356079101562
;-84.49507141113281
;-84.49657440185547
;-84.4980697631836
;-84.49956512451172
;-84.50106048583984
;-84.50255584716797
;-84.5040512084961
;-84.50553894042969
;-84.50701904296875
;-84.50849914550781
;-84.50997924804688
;-84.51145935058594
;-84.512939453125
;-84.51441955566406
;-84.51589965820312
;-84.51736450195312
;-84.51882934570312
;-84.52029418945312
;-84.52175903320312
;-84.52322387695312
;-84.52468872070312
;-84.52615356445312
;-84.52761840820312
;-84.52908325195312
;-84.53054809570312
;-84.53199768066406
;-84.533447265625
;-84.53489685058594
;-84.53634643554688
;-84.53779602050781
;-84.53924560546875
;-84.54069519042969
;-84.54214477539062
;-84.54359436035156
;-84.5450439453125
;-84.54649353027344
;-84.54794311523438
;-84.54939270019531
;-84.55084228515625
;-84.55229187011719
;-84.5537338256836
;-84.55516815185547
;-84.55660247802734
;-84.55803680419922
;-84.55946350097656
;-84.56088256835938
;-84.56230163574219
;-84.563720703125
;-84.56513977050781
;-84.56654357910156
;-84.56794738769531
;-84.5693359375
;-84.57072448730469
;-84.57210540771484
;-84.57347869873047
;-84.5748519897461
;-84.57621002197266
;-84.57756805419922
;-84.57892608642578
;-84.58026885986328
;-84.58161163330078
;-84.58295440673828
;-84.58428955078125
;-84.58561706542969
;-84.58694458007812
;-84.58827209472656
;-84.58958435058594
;-84.59089660644531
;-84.59220886230469
;-84.59352111816406
;-84.5948257446289
;-84.59612274169922
;-84.59741973876953
;-84.59871673583984
;-84.60001373291016
;-84.60130310058594
;-84.60258483886719
;-84.60386657714844
;-84.60514831542969
;-84.60643005371094
;-84.60771179199219
;-84.6089859008789
;-84.6102523803711
;-84.61151885986328
;-84.61278533935547
;-84.61405181884766
;-84.61531829833984
;-84.61658477783203
;-84.61785125732422
;-84.61911010742188
;-84.620361328125
;-84.62161254882812
;-84.62286376953125
;-84.62411499023438
;-84.6253662109375
;-84.62661743164062
;-84.62786865234375
;-84.62911987304688
;-84.63037109375
;-84.63162231445312
;-84.63286590576172
;-84.63410186767578
;-84.63533782958984
;-84.6365737915039
;-84.63780975341797
;-84.63904571533203
;-84.6402816772461
;-84.64151763916016
;-84.64275360107422
;-84.64398956298828
;-84.64522552490234
;-84.6464614868164
;-84.64769744873047
;-84.64893341064453
;-84.6501693725586
;-84.65140533447266
;-84.65264129638672
;-84.65386962890625
;-84.65509033203125
;-84.65631103515625
;-84.65753173828125
;-84.65873718261719
;-84.65994262695312
;-84.66114807128906
;-84.662353515625
;-84.6635513305664
;-84.66474151611328
;-84.66593170166016
;-84.66712188720703
;-84.6683120727539
;-84.66950225830078
;-84.67069244384766
;-84.67188262939453
;-84.67305755615234
;-84.67423248291016
;-84.67540740966797
;-84.67658233642578
;-84.67774200439453
;-84.67890167236328
;-84.68006134033203
;-84.68122100830078
;-84.682373046875
;-84.68351745605469
;-84.68466186523438
;-84.68580627441406
;-84.68693542480469
;-84.68806457519531
;-84.68919372558594
;-84.69031524658203
;-84.6914291381836
;-84.69254302978516
;-84.69365692138672
;-84.69476318359375
;-84.69586181640625
;-84.69696044921875
;-84.69805908203125
;-84.69915008544922
;-84.70023345947266
;-84.7013168334961
;-84.70240020751953
;-84.70348358154297
;-84.7045669555664
;-84.70563507080078
;-84.70670318603516
;-84.70777130126953
;-84.7088394165039
;-84.70990753173828
;-84.71097564697266
;-84.71202850341797
;-84.71308135986328
;-84.7141342163086
;-84.7151870727539
;-84.71623992919922
;-84.71729278564453
;-84.71834564208984
;-84.71939849853516
;-84.72044372558594
;-84.72148132324219
;-84.72251892089844
;-84.72355651855469
;-84.72459411621094
;-84.72563171386719
;-84.72666931152344
;-84.72770690917969
;-84.72874450683594
;-84.72978210449219
;-84.73081970214844
;-84.73184967041016
;-84.73287200927734
;-84.73389434814453
;-84.73491668701172
;-84.7359390258789
;-84.7369613647461
;-84.73798370361328
;-84.73900604248047
;-84.74002838134766
;-84.74105072021484
;-84.74207305908203
;-84.74309539794922
;-84.7441177368164
;-84.7451400756836
;-84.74616241455078
;-84.74718475341797
;-84.74820709228516
;-84.74922943115234
;-84.750244140625
;-84.75125122070312
;-84.75225830078125
;-84.75326538085938
;-84.7542724609375
;-84.75527954101562
;-84.75628662109375
;-84.75729370117188
;-84.75830078125
;-84.75930786132812
;-84.76031494140625
;-84.76132202148438
;-84.7623291015625
;-84.76333618164062
;-84.76434326171875
;-84.76533508300781
;-84.76632690429688
;-84.76731872558594
;-84.768310546875
;-84.76930236816406
;-84.77029418945312
;-84.77128601074219
;-84.77226257324219
;-84.77323913574219
;-84.77421569824219
;-84.77519226074219
;-84.77616882324219
;-84.77713012695312
;-84.77809143066406
;-84.779052734375
;-84.78001403808594
;-84.78096008300781
;-84.78190612792969
;-84.78285217285156
;-84.7837905883789
;-84.78472137451172
;-84.78565216064453
;-84.78657531738281
;-84.78749084472656
;-84.78840637207031
;-84.78932189941406
;-84.79022216796875
;-84.79112243652344
;-84.79202270507812
;-84.79291534423828
;-84.7938003540039
;-84.79468536376953
;-84.79557037353516
;-84.79645538330078
;-84.79732513427734
;-84.7981948852539
;-84.79906463623047
;-84.79993438720703
;-84.8008041381836
;-84.80166625976562
;-84.80252075195312
;-84.80337524414062
;-84.80422973632812
;-84.80508422851562
;-84.80593872070312
;-84.80679321289062
;-84.80763244628906
;-84.8084716796875
;-84.80931091308594
;-84.81015014648438
;-84.81098937988281
;-84.81182861328125
;-84.81266784667969
;-84.81350708007812
;-84.81433868408203
;-84.8151626586914
;-84.81598663330078
;-84.81681060791016
;-84.81763458251953
;-84.8184585571289
;-84.81928253173828
;-84.82010650634766
;-84.82093048095703
